{"UUID":"cnbTquQkNKsMQUFnJAAAh0","layoutMainAxisSizing":null,"layoutCrossAxisSizing":null,"name":"Hello World","isVisible":true,"boundaryRectangle":null,"style":null,"prototypeNodeUUID":null,"child":null,"constraints":null,"debug":false,"pngPath":"/usr/src/app/temp-out/pb-tmp-90e4d55f-d90e-408f-a64a-d237084f5c3b/hello_world/lib/assets/images","pages":[{"UUID":"0:1","layoutMainAxisSizing":null,"layoutCrossAxisSizing":null,"name":"Page 1","isVisible":true,"boundaryRectangle":null,"style":null,"prototypeNodeUUID":null,"child":null,"constraints":null,"convert":true,"screens":[{"UUID":"15:2","layoutMainAxisSizing":null,"layoutCrossAxisSizing":null,"name":"CounterValueText","boundaryRectangle":null,"style":null,"prototypeNodeUUID":null,"child":null,"constraints":null,"convert":true,"imageURI":null,"pbdlType":"screen","designNode":{"UUID":"15:2","layoutMainAxisSizing":"NONE","layoutCrossAxisSizing":"NONE","name":"CounterValueText","isVisible":true,"boundaryRectangle":{"constrainProportions":false,"constraints":null,"height":40.0,"width":136.0,"x":255.0,"y":-387.0,"z":1.0,"type":"boundaryBox"},"style":{"UUID":"","layoutMainAxisSizing":null,"layoutCrossAxisSizing":null,"name":"","isVisible":true,"boundaryRectangle":null,"style":null,"prototypeNodeUUID":"","child":null,"constraints":null,"fills":[{"gradientStops":null,"gradientHandlePositions":[],"imageRef":null,"color":{"a":1.0,"r":1.0,"g":1.0,"b":1.0},"opacity":100,"blendMode":"NORMAL","type":"SOLID","isEnabled":false}],"borderOptions":{"borders":[],"strokeWeight":1.0,"strokeAlign":"INSIDE","strokeJoin":null,"strokeDashes":null,"cornerRadius":null},"effects":[],"textStyle":null,"clipsContent":false,"pbdlType":"style"},"prototypeNodeUUID":null,"child":null,"constraints":{"pinLeft":false,"pinRight":false,"pinTop":false,"pinBottom":false,"fixedHeight":false,"fixedWidth":false},"symbolID":"15:2","overrideProperties":[{"UUID":"3:2","layoutMainAxisSizing":null,"layoutCrossAxisSizing":null,"name":"ovrValue","child":null,"constraints":{"pinLeft":false,"pinRight":false,"pinTop":false,"pinBottom":false,"fixedHeight":false,"fixedWidth":false},"value":{"UUID":"3:2","layoutMainAxisSizing":"NONE","layoutCrossAxisSizing":"NONE","name":"Value","isVisible":true,"boundaryRectangle":{"constrainProportions":false,"constraints":null,"height":40.0,"width":136.0,"x":255.0,"y":-387.0,"z":0.0,"type":"boundaryBox"},"style":{"UUID":"","layoutMainAxisSizing":null,"layoutCrossAxisSizing":null,"name":"","isVisible":true,"boundaryRectangle":null,"style":null,"prototypeNodeUUID":"","child":null,"constraints":null,"fills":[{"gradientStops":null,"gradientHandlePositions":[],"imageRef":null,"color":{"a":1.0,"r":0.0,"g":0.0,"b":0.0},"opacity":100,"blendMode":"NORMAL","type":"SOLID","isEnabled":true}],"borderOptions":{"borders":[],"strokeWeight":1.0,"strokeAlign":"OUTSIDE","strokeJoin":null,"strokeDashes":null,"cornerRadius":null},"effects":[],"textStyle":{"UUID":"","layoutMainAxisSizing":null,"layoutCrossAxisSizing":null,"name":"","isVisible":false,"boundaryRectangle":null,"style":null,"prototypeNodeUUID":"","child":null,"constraints":null,"fontFamily":"Sanchez","fontPostScriptName":"Sanchez-Regular","paragraphSpacing":0,"paragraphIndent":0,"listSpacing":0,"italics":null,"fontWeight":400,"fontSize":32.0,"textCase":"ORIGINAL","textDecoration":"NONE","textAutoResize":"NONE","textAlignHorizontal":"CENTER","textAlignVertical":"TOP","letterSpacing":0.0,"fills":null,"hyperLink":null,"opentypeFlags":{},"lineHeightPx":40.895999908447266,"lineHeightPercent":100.0,"lineHeightPercentFontSize":null,"lineHeightUnit":"INTRINSIC_%","pbdlType":"text_style"},"clipsContent":null,"pbdlType":"style"},"prototypeNodeUUID":null,"child":null,"constraints":{"pinLeft":false,"pinRight":false,"pinTop":false,"pinBottom":false,"fixedHeight":false,"fixedWidth":false},"pbdlType":"text","content":"0"},"pbdlType":"pbdl_override_property","ovrType":"stringValue"}],"children":[{"UUID":"3:2","layoutMainAxisSizing":"NONE","layoutCrossAxisSizing":"NONE","name":"Value","isVisible":true,"boundaryRectangle":{"constrainProportions":false,"constraints":null,"height":40.0,"width":136.0,"x":255.0,"y":-387.0,"z":0.0,"type":"boundaryBox"},"style":{"UUID":"","layoutMainAxisSizing":null,"layoutCrossAxisSizing":null,"name":"","isVisible":true,"boundaryRectangle":null,"style":null,"prototypeNodeUUID":"","child":null,"constraints":null,"fills":[{"gradientStops":null,"gradientHandlePositions":[],"imageRef":null,"color":{"a":1.0,"r":0.0,"g":0.0,"b":0.0},"opacity":100,"blendMode":"NORMAL","type":"SOLID","isEnabled":true}],"borderOptions":{"borders":[],"strokeWeight":1.0,"strokeAlign":"OUTSIDE","strokeJoin":null,"strokeDashes":null,"cornerRadius":null},"effects":[],"textStyle":{"UUID":"","layoutMainAxisSizing":null,"layoutCrossAxisSizing":null,"name":"","isVisible":false,"boundaryRectangle":null,"style":null,"prototypeNodeUUID":"","child":null,"constraints":null,"fontFamily":"Sanchez","fontPostScriptName":"Sanchez-Regular","paragraphSpacing":0,"paragraphIndent":0,"listSpacing":0,"italics":null,"fontWeight":400,"fontSize":32.0,"textCase":"ORIGINAL","textDecoration":"NONE","textAutoResize":"NONE","textAlignHorizontal":"CENTER","textAlignVertical":"TOP","letterSpacing":0.0,"fills":null,"hyperLink":null,"opentypeFlags":{},"lineHeightPx":40.895999908447266,"lineHeightPercent":100.0,"lineHeightPercentFontSize":null,"lineHeightUnit":"INTRINSIC_%","pbdlType":"text_style"},"clipsContent":null,"pbdlType":"style"},"prototypeNodeUUID":null,"child":null,"constraints":{"pinLeft":false,"pinRight":false,"pinTop":false,"pinBottom":false,"fixedHeight":false,"fixedWidth":false},"pbdlType":"text","content":"0"}],"pbdlType":"shared_master","componentSetName":null,"sharedNodeSetID":null},"isVisible":true},{"UUID":"1:21","layoutMainAxisSizing":null,"layoutCrossAxisSizing":null,"name":"MyAppScreen","boundaryRectangle":null,"style":null,"prototypeNodeUUID":null,"child":null,"constraints":null,"convert":true,"imageURI":null,"pbdlType":"screen","designNode":{"UUID":"1:21","layoutMainAxisSizing":"NONE","layoutCrossAxisSizing":"NONE","name":"MyAppScreen","isVisible":true,"style":{"UUID":"","layoutMainAxisSizing":null,"layoutCrossAxisSizing":null,"name":"","isVisible":true,"boundaryRectangle":null,"style":null,"prototypeNodeUUID":"","child":null,"constraints":null,"fills":[{"gradientStops":null,"gradientHandlePositions":[],"imageRef":null,"color":{"a":1.0,"r":1.0,"g":1.0,"b":1.0},"opacity":100,"blendMode":"NORMAL","type":"SOLID","isEnabled":true}],"borderOptions":{"borders":[],"strokeWeight":1.0,"strokeAlign":"INSIDE","strokeJoin":null,"strokeDashes":null,"cornerRadius":null},"effects":[],"textStyle":null,"clipsContent":true,"pbdlType":"style"},"prototypeNodeUUID":null,"child":null,"constraints":null,"backgroundColor":{"a":1.0,"r":1.0,"g":1.0,"b":1.0},"boundaryRectangle":{"constrainProportions":false,"constraints":null,"height":812.0,"width":375.0,"x":-188.0,"y":-406.0,"z":0.0,"type":"boundaryBox"},"isFlowHome":false,"pbdlType":"artboard","children":[{"UUID":"630:3","layoutMainAxisSizing":"NONE","layoutCrossAxisSizing":"NONE","name":"Header","isVisible":true,"boundaryRectangle":{"constrainProportions":false,"constraints":null,"height":95.0,"width":375.0,"x":-188.0,"y":-406.0,"z":0.0,"type":"boundaryBox"},"style":{"UUID":"","layoutMainAxisSizing":null,"layoutCrossAxisSizing":null,"name":"","isVisible":true,"boundaryRectangle":null,"style":null,"prototypeNodeUUID":"","child":null,"constraints":null,"fills":[{"gradientStops":null,"gradientHandlePositions":[],"imageRef":null,"color":{"a":1.0,"r":1.0,"g":1.0,"b":1.0},"opacity":100,"blendMode":"NORMAL","type":"SOLID","isEnabled":false}],"borderOptions":{"borders":[],"strokeWeight":1.0,"strokeAlign":"INSIDE","strokeJoin":null,"strokeDashes":null,"cornerRadius":null},"effects":[],"textStyle":null,"clipsContent":false,"pbdlType":"style"},"prototypeNodeUUID":null,"constraints":{"pinLeft":true,"pinRight":true,"pinTop":true,"pinBottom":false,"fixedHeight":true,"fixedWidth":false},"children":[{"UUID":"1:23","layoutMainAxisSizing":"NONE","layoutCrossAxisSizing":"NONE","name":"background","isVisible":true,"boundaryRectangle":{"constrainProportions":false,"constraints":null,"height":95.0,"width":375.0,"x":-188.0,"y":-406.0,"z":0.0,"type":"boundaryBox"},"style":{"UUID":"","layoutMainAxisSizing":null,"layoutCrossAxisSizing":null,"name":"","isVisible":true,"boundaryRectangle":null,"style":null,"prototypeNodeUUID":"","child":null,"constraints":null,"fills":[{"gradientStops":null,"gradientHandlePositions":[],"imageRef":null,"color":{"a":1.0,"r":0.06309032440185547,"g":0.6583333611488342,"b":0.12261456996202469},"opacity":100,"blendMode":"NORMAL","type":"SOLID","isEnabled":true}],"borderOptions":{"borders":[{"blendMode":"NORMAL","type":"SOLID","color":{"a":1.0,"r":0.5920000076293945,"g":0.5920000076293945,"b":0.5920000076293945},"visible":false}],"strokeWeight":0.0,"strokeAlign":"CENTER","strokeJoin":null,"strokeDashes":null,"cornerRadius":null},"effects":[],"textStyle":null,"clipsContent":null,"pbdlType":"style"},"prototypeNodeUUID":null,"constraints":{"pinLeft":true,"pinRight":true,"pinTop":true,"pinBottom":false,"fixedHeight":true,"fixedWidth":false},"fixedRadius":0,"pbdlType":"rectangle","child":null},{"UUID":"1:25","layoutMainAxisSizing":"NONE","layoutCrossAxisSizing":"NONE","name":"Header Text ","isVisible":true,"boundaryRectangle":{"constrainProportions":false,"constraints":null,"height":28.0,"width":254.0,"x":-124.0,"y":-358.0,"z":1.0,"type":"boundaryBox"},"style":{"UUID":"","layoutMainAxisSizing":null,"layoutCrossAxisSizing":null,"name":"","isVisible":true,"boundaryRectangle":null,"style":null,"prototypeNodeUUID":"","child":null,"constraints":null,"fills":[{"gradientStops":null,"gradientHandlePositions":[],"imageRef":null,"color":{"a":1.0,"r":1.0,"g":1.0,"b":1.0},"opacity":100,"blendMode":"NORMAL","type":"SOLID","isEnabled":true}],"borderOptions":{"borders":[],"strokeWeight":0.0,"strokeAlign":"CENTER","strokeJoin":null,"strokeDashes":null,"cornerRadius":null},"effects":[],"textStyle":{"UUID":"","layoutMainAxisSizing":null,"layoutCrossAxisSizing":null,"name":"","isVisible":false,"boundaryRectangle":null,"style":null,"prototypeNodeUUID":"","child":null,"constraints":null,"fontFamily":"Sanchez","fontPostScriptName":"Sanchez-Regular","paragraphSpacing":0,"paragraphIndent":0,"listSpacing":0,"italics":null,"fontWeight":400,"fontSize":21.0,"textCase":"ORIGINAL","textDecoration":"NONE","textAutoResize":"NONE","textAlignHorizontal":"CENTER","textAlignVertical":"TOP","letterSpacing":0.0,"fills":null,"hyperLink":null,"opentypeFlags":{},"lineHeightPx":26.83799934387207,"lineHeightPercent":100.0,"lineHeightPercentFontSize":null,"lineHeightUnit":"INTRINSIC_%","pbdlType":"text_style"},"clipsContent":null,"pbdlType":"style"},"prototypeNodeUUID":null,"child":null,"constraints":{"pinLeft":true,"pinRight":true,"pinTop":true,"pinBottom":false,"fixedHeight":true,"fixedWidth":false},"pbdlType":"text","content":"Flutter Demo Home Page"}],"pbdlType":"frame","fixedRadius":null,"background":null,"autoLayoutOptions":null},{"UUID":"5:3","layoutMainAxisSizing":"NONE","layoutCrossAxisSizing":"NONE","name":"Counter Button<custom>","isVisible":true,"boundaryRectangle":{"constrainProportions":false,"constraints":null,"height":70.0,"width":70.0,"x":95.0,"y":317.0,"z":1.0,"type":"boundaryBox"},"style":{"UUID":"","layoutMainAxisSizing":null,"layoutCrossAxisSizing":null,"name":"","isVisible":true,"boundaryRectangle":null,"style":null,"prototypeNodeUUID":"","child":null,"constraints":null,"fills":[{"gradientStops":null,"gradientHandlePositions":[],"imageRef":null,"color":{"a":1.0,"r":1.0,"g":1.0,"b":1.0},"opacity":100,"blendMode":"NORMAL","type":"SOLID","isEnabled":false}],"borderOptions":{"borders":[],"strokeWeight":1.0,"strokeAlign":"INSIDE","strokeJoin":null,"strokeDashes":null,"cornerRadius":null},"effects":[],"textStyle":null,"clipsContent":false,"pbdlType":"style"},"prototypeNodeUUID":null,"constraints":{"pinLeft":false,"pinRight":true,"pinTop":false,"pinBottom":true,"fixedHeight":true,"fixedWidth":true},"children":[{"UUID":"1:134","layoutMainAxisSizing":"NONE","layoutCrossAxisSizing":"NONE","name":"Ellipse 1","isVisible":true,"boundaryRectangle":{"constrainProportions":false,"constraints":null,"height":70.0,"width":70.0,"x":95.0,"y":317.0,"z":0.0,"type":"boundaryBox"},"child":null,"constraints":{"pinLeft":false,"pinRight":false,"pinTop":false,"pinBottom":false,"fixedHeight":false,"fixedWidth":false},"style":{"UUID":"","layoutMainAxisSizing":null,"layoutCrossAxisSizing":null,"name":"","isVisible":true,"boundaryRectangle":null,"style":null,"prototypeNodeUUID":"","child":null,"constraints":null,"fills":[{"gradientStops":null,"gradientHandlePositions":[],"imageRef":null,"color":{"a":1.0,"r":0.06309032440185547,"g":0.6583333611488342,"b":0.12261456996202469},"opacity":100,"blendMode":"NORMAL","type":"SOLID","isEnabled":true}],"borderOptions":{"borders":[],"strokeWeight":1.0,"strokeAlign":"INSIDE","strokeJoin":null,"strokeDashes":null,"cornerRadius":null},"effects":[],"textStyle":null,"clipsContent":null,"pbdlType":"style"},"imageReference":"images/ellipse1.png","prototypeNodeUUID":null,"pbdlType":"image"},{"UUID":"1:137","layoutMainAxisSizing":"NONE","layoutCrossAxisSizing":"NONE","name":"+","isVisible":true,"boundaryRectangle":{"constrainProportions":false,"constraints":null,"height":70.0,"width":41.0,"x":109.0,"y":317.0,"z":1.0,"type":"boundaryBox"},"style":{"UUID":"","layoutMainAxisSizing":null,"layoutCrossAxisSizing":null,"name":"","isVisible":true,"boundaryRectangle":null,"style":null,"prototypeNodeUUID":"","child":null,"constraints":null,"fills":[{"gradientStops":null,"gradientHandlePositions":[],"imageRef":null,"color":{"a":1.0,"r":1.0,"g":1.0,"b":1.0},"opacity":100,"blendMode":"NORMAL","type":"SOLID","isEnabled":true}],"borderOptions":{"borders":[],"strokeWeight":1.0,"strokeAlign":"OUTSIDE","strokeJoin":null,"strokeDashes":null,"cornerRadius":null},"effects":[],"textStyle":{"UUID":"","layoutMainAxisSizing":null,"layoutCrossAxisSizing":null,"name":"","isVisible":false,"boundaryRectangle":null,"style":null,"prototypeNodeUUID":"","child":null,"constraints":null,"fontFamily":"Sanchez","fontPostScriptName":"Sanchez-Regular","paragraphSpacing":0,"paragraphIndent":0,"listSpacing":0,"italics":null,"fontWeight":400,"fontSize":48.0,"textCase":"ORIGINAL","textDecoration":"NONE","textAutoResize":"NONE","textAlignHorizontal":"CENTER","textAlignVertical":"TOP","letterSpacing":0.0,"fills":null,"hyperLink":null,"opentypeFlags":{},"lineHeightPx":61.34400177001953,"lineHeightPercent":100.0,"lineHeightPercentFontSize":null,"lineHeightUnit":"INTRINSIC_%","pbdlType":"text_style"},"clipsContent":null,"pbdlType":"style"},"prototypeNodeUUID":null,"child":null,"constraints":{"pinLeft":false,"pinRight":false,"pinTop":false,"pinBottom":false,"fixedHeight":true,"fixedWidth":true},"pbdlType":"text","content":"+"}],"pbdlType":"frame","fixedRadius":null,"background":null,"autoLayoutOptions":null},{"UUID":"1:138","layoutMainAxisSizing":"NONE","layoutCrossAxisSizing":"NONE","name":"You have pushed the button this many times:","isVisible":true,"boundaryRectangle":{"constrainProportions":false,"constraints":null,"height":63.0,"width":286.0,"x":-144.0,"y":-29.0,"z":2.0,"type":"boundaryBox"},"style":{"UUID":"","layoutMainAxisSizing":null,"layoutCrossAxisSizing":null,"name":"","isVisible":true,"boundaryRectangle":null,"style":null,"prototypeNodeUUID":"","child":null,"constraints":null,"fills":[{"gradientStops":null,"gradientHandlePositions":[],"imageRef":null,"color":{"a":1.0,"r":0.0,"g":0.0,"b":0.0},"opacity":0.6299999952316284,"blendMode":"NORMAL","type":"SOLID","isEnabled":true}],"borderOptions":{"borders":[],"strokeWeight":1.0,"strokeAlign":"OUTSIDE","strokeJoin":null,"strokeDashes":null,"cornerRadius":null},"effects":[],"textStyle":{"UUID":"","layoutMainAxisSizing":null,"layoutCrossAxisSizing":null,"name":"","isVisible":false,"boundaryRectangle":null,"style":null,"prototypeNodeUUID":"","child":null,"constraints":null,"fontFamily":"Sanchez","fontPostScriptName":"Sanchez-Regular","paragraphSpacing":0,"paragraphIndent":0,"listSpacing":0,"italics":null,"fontWeight":400,"fontSize":21.0,"textCase":"ORIGINAL","textDecoration":"NONE","textAutoResize":"NONE","textAlignHorizontal":"CENTER","textAlignVertical":"TOP","letterSpacing":0.0,"fills":null,"hyperLink":null,"opentypeFlags":{},"lineHeightPx":26.83799934387207,"lineHeightPercent":100.0,"lineHeightPercentFontSize":null,"lineHeightUnit":"INTRINSIC_%","pbdlType":"text_style"},"clipsContent":null,"pbdlType":"style"},"prototypeNodeUUID":null,"child":null,"constraints":{"pinLeft":false,"pinRight":false,"pinTop":true,"pinBottom":false,"fixedHeight":true,"fixedWidth":true},"pbdlType":"text","content":"You have pushed the button this many times:"},{"UUID":"20:10","layoutMainAxisSizing":"NONE","layoutCrossAxisSizing":"NONE","name":"CounterValueHolder<custom>","isVisible":true,"boundaryRectangle":{"constrainProportions":false,"constraints":null,"height":40.0,"width":136.0,"x":-69.0,"y":45.0,"z":3.0,"type":"boundaryBox"},"style":{"UUID":"","layoutMainAxisSizing":null,"layoutCrossAxisSizing":null,"name":"","isVisible":true,"boundaryRectangle":null,"style":null,"prototypeNodeUUID":"","child":null,"constraints":null,"fills":[{"gradientStops":null,"gradientHandlePositions":[],"imageRef":null,"color":{"a":1.0,"r":1.0,"g":1.0,"b":1.0},"opacity":100,"blendMode":"NORMAL","type":"SOLID","isEnabled":false}],"borderOptions":{"borders":[],"strokeWeight":1.0,"strokeAlign":"INSIDE","strokeJoin":null,"strokeDashes":null,"cornerRadius":null},"effects":[],"textStyle":null,"clipsContent":false,"pbdlType":"style"},"prototypeNodeUUID":null,"child":null,"constraints":{"pinLeft":false,"pinRight":false,"pinTop":true,"pinBottom":false,"fixedHeight":true,"fixedWidth":true},"symbolID":"15:2","parameters":null,"overrideValues":[{"UUID":"3:2","layoutMainAxisSizing":null,"layoutCrossAxisSizing":null,"name":"Value","isVisible":true,"boundaryRectangle":null,"style":null,"prototypeNodeUUID":null,"child":null,"constraints":{"pinLeft":false,"pinRight":false,"pinTop":false,"pinBottom":false,"fixedHeight":false,"fixedWidth":false},"value":{"UUID":"I20:10;3:2","layoutMainAxisSizing":"NONE","layoutCrossAxisSizing":"NONE","name":"Value","isVisible":true,"boundaryRectangle":{"constrainProportions":false,"constraints":null,"height":40.0,"width":136.0,"x":-69.0,"y":45.0,"z":0.0,"type":"boundaryBox"},"style":{"UUID":"","layoutMainAxisSizing":null,"layoutCrossAxisSizing":null,"name":"","isVisible":true,"boundaryRectangle":null,"style":null,"prototypeNodeUUID":"","child":null,"constraints":null,"fills":[{"gradientStops":null,"gradientHandlePositions":[],"imageRef":null,"color":{"a":1.0,"r":0.0,"g":0.0,"b":0.0},"opacity":100,"blendMode":"NORMAL","type":"SOLID","isEnabled":true}],"borderOptions":{"borders":[],"strokeWeight":1.0,"strokeAlign":"OUTSIDE","strokeJoin":null,"strokeDashes":null,"cornerRadius":null},"effects":[],"textStyle":{"UUID":"","layoutMainAxisSizing":null,"layoutCrossAxisSizing":null,"name":"","isVisible":false,"boundaryRectangle":null,"style":null,"prototypeNodeUUID":"","child":null,"constraints":null,"fontFamily":"Sanchez","fontPostScriptName":"Sanchez-Regular","paragraphSpacing":0,"paragraphIndent":0,"listSpacing":0,"italics":null,"fontWeight":400,"fontSize":32.0,"textCase":"ORIGINAL","textDecoration":"NONE","textAutoResize":"NONE","textAlignHorizontal":"CENTER","textAlignVertical":"TOP","letterSpacing":0.0,"fills":null,"hyperLink":null,"opentypeFlags":{},"lineHeightPx":40.895999908447266,"lineHeightPercent":100.0,"lineHeightPercentFontSize":null,"lineHeightUnit":"INTRINSIC_%","pbdlType":"text_style"},"clipsContent":null,"pbdlType":"style"},"prototypeNodeUUID":null,"child":null,"constraints":{"pinLeft":false,"pinRight":false,"pinTop":false,"pinBottom":false,"fixedHeight":false,"fixedWidth":false},"pbdlType":"text","content":"0"},"valueName":"0","pbdlType":"pbdl_override_value","ovrType":"stringValue"}],"sharedNodeSetID":null,"pbdlType":"shared_instance"}]},"isVisible":true}],"pbdlType":"page"}],"miscPages":[],"sharedStyles":[],"globalStyles":{"UUID":"","layoutMainAxisSizing":null,"layoutCrossAxisSizing":null,"name":"","isVisible":false,"boundaryRectangle":null,"style":null,"prototypeNodeUUID":null,"child":null,"constraints":null,"pbdlType":"global_styles","designSystem":"material","colors":[],"textStyles":[],"themeColors":[{"UUID":"1629:6","layoutMainAxisSizing":null,"layoutCrossAxisSizing":null,"name":"light/secondary","isVisible":false,"boundaryRectangle":null,"style":null,"prototypeNodeUUID":null,"child":null,"constraints":null,"description":"","pbdlType":"global_color","color":{"a":1.0,"r":0.06309032440185547,"g":0.6583333611488342,"b":0.12261456996202469},"colorScheme":"light"}],"themeTextStyles":[]},"pbdlType":"project"}