{"UUID":"Do6QkrqUDlJMcjcV689l4Z","layoutMainAxisSizing":null,"layoutCrossAxisSizing":null,"name":"Screens Example","isVisible":true,"boundaryRectangle":null,"style":null,"prototypeNodeUUID":null,"child":null,"constraints":null,"debug":false,"pngPath":"/usr/src/app/temp-out/pb-tmp-e35543a5-21cb-4b80-8e7e-0fa0259a29db/todo_app/lib/assets/images","pages":[{"UUID":"0:1","layoutMainAxisSizing":null,"layoutCrossAxisSizing":null,"name":"Screens","isVisible":true,"boundaryRectangle":null,"style":null,"prototypeNodeUUID":null,"child":null,"constraints":null,"convert":true,"screens":[{"UUID":"1:2","layoutMainAxisSizing":null,"layoutCrossAxisSizing":null,"name":"Todos List","boundaryRectangle":null,"style":null,"prototypeNodeUUID":null,"child":null,"constraints":null,"convert":true,"imageURI":"https://pbnestcore.blob.core.windows.net/do6qkrqudljmcjcv689l4z/1:2.png","pbdlType":"screen","designNode":{"UUID":"1:2","layoutMainAxisSizing":"NONE","layoutCrossAxisSizing":"NONE","name":"Todos List","isVisible":true,"style":{"UUID":"","layoutMainAxisSizing":null,"layoutCrossAxisSizing":null,"name":"","isVisible":true,"boundaryRectangle":null,"style":null,"prototypeNodeUUID":"","child":null,"constraints":null,"fills":[{"gradientStops":null,"gradientHandlePositions":[],"imageRef":null,"color":{"a":1.0,"r":0.0941176488995552,"g":0.0941176488995552,"b":0.0941176488995552},"opacity":100,"blendMode":"NORMAL","type":"SOLID","isEnabled":true}],"borderOptions":{"borders":[],"strokeWeight":1.0,"strokeAlign":"INSIDE","strokeJoin":null,"strokeDashes":null,"cornerRadius":null},"effects":[],"textStyle":null,"clipsContent":true,"pbdlType":"style"},"prototypeNodeUUID":null,"child":null,"constraints":null,"backgroundColor":{"a":1.0,"r":0.0941176488995552,"g":0.0941176488995552,"b":0.0941176488995552},"boundaryRectangle":{"constrainProportions":false,"constraints":null,"height":667.0,"width":375.0,"x":-188.0,"y":-334.0,"z":0.0,"type":"boundaryBox"},"isFlowHome":false,"pbdlType":"artboard","children":[{"UUID":"1:10","layoutMainAxisSizing":"NONE","layoutCrossAxisSizing":"NONE","name":"Todos Scrollview <custom>","isVisible":true,"boundaryRectangle":{"constrainProportions":false,"constraints":null,"height":574.0,"width":380.0,"x":-190.5,"y":-241.0,"z":0.0,"type":"boundaryBox"},"style":{"UUID":"","layoutMainAxisSizing":null,"layoutCrossAxisSizing":null,"name":"","isVisible":true,"boundaryRectangle":null,"style":null,"prototypeNodeUUID":"","child":null,"constraints":null,"fills":[],"borderOptions":{"borders":[],"strokeWeight":1.0,"strokeAlign":"INSIDE","strokeJoin":null,"strokeDashes":null,"cornerRadius":null},"effects":[],"textStyle":null,"clipsContent":false,"pbdlType":"style"},"prototypeNodeUUID":null,"constraints":{"pinLeft":true,"pinRight":true,"pinTop":true,"pinBottom":true,"fixedHeight":false,"fixedWidth":false},"children":[{"UUID":"1:22","layoutMainAxisSizing":"INHERIT","layoutCrossAxisSizing":"STRETCH","name":"Todo Tile","isVisible":true,"boundaryRectangle":{"constrainProportions":false,"constraints":null,"height":60.0,"width":360.0,"x":-180.5,"y":-241.0,"z":0.0,"type":"boundaryBox"},"style":{"UUID":"","layoutMainAxisSizing":null,"layoutCrossAxisSizing":null,"name":"","isVisible":true,"boundaryRectangle":null,"style":null,"prototypeNodeUUID":"","child":null,"constraints":null,"fills":[{"gradientStops":null,"gradientHandlePositions":[],"imageRef":null,"color":{"a":1.0,"r":0.250980406999588,"g":0.250980406999588,"b":0.250980406999588},"opacity":100,"blendMode":"NORMAL","type":"SOLID","isEnabled":true}],"borderOptions":{"borders":[{"blendMode":"NORMAL","type":"SOLID","color":{"a":1.0,"r":0.0,"g":0.0,"b":0.0},"visible":true}],"strokeWeight":1.0,"strokeAlign":"INSIDE","strokeJoin":null,"strokeDashes":null,"cornerRadius":10.0},"effects":[],"textStyle":null,"clipsContent":true,"pbdlType":"style"},"prototypeNodeUUID":null,"child":null,"constraints":{"pinLeft":true,"pinRight":false,"pinTop":true,"pinBottom":false,"fixedHeight":true,"fixedWidth":true},"symbolID":"1:7","parameters":null,"overrideValues":[{"UUID":"1:21","layoutMainAxisSizing":null,"layoutCrossAxisSizing":null,"name":"Task Name","isVisible":true,"boundaryRectangle":null,"style":null,"prototypeNodeUUID":null,"child":null,"constraints":{"pinLeft":true,"pinRight":false,"pinTop":true,"pinBottom":true,"fixedHeight":false,"fixedWidth":true},"value":{"UUID":"I1:22;1:21","layoutMainAxisSizing":"NONE","layoutCrossAxisSizing":"NONE","name":"Task Name","isVisible":true,"boundaryRectangle":{"constrainProportions":false,"constraints":null,"height":22.0,"width":250.0,"x":-125.5,"y":-222.0,"z":0.0,"type":"boundaryBox"},"style":{"UUID":"","layoutMainAxisSizing":null,"layoutCrossAxisSizing":null,"name":"","isVisible":true,"boundaryRectangle":null,"style":null,"prototypeNodeUUID":"","child":null,"constraints":null,"fills":[{"gradientStops":null,"gradientHandlePositions":[],"imageRef":null,"color":{"a":1.0,"r":1.0,"g":1.0,"b":1.0},"opacity":100,"blendMode":"NORMAL","type":"SOLID","isEnabled":true}],"borderOptions":{"borders":[],"strokeWeight":1.0,"strokeAlign":"OUTSIDE","strokeJoin":null,"strokeDashes":null,"cornerRadius":null},"effects":[],"textStyle":{"UUID":"","layoutMainAxisSizing":null,"layoutCrossAxisSizing":null,"name":"","isVisible":false,"boundaryRectangle":null,"style":null,"prototypeNodeUUID":"","child":null,"constraints":null,"fontFamily":"Roboto","fontPostScriptName":"RobotoRoman-Regular","paragraphSpacing":0,"paragraphIndent":0,"listSpacing":0,"italics":null,"fontWeight":400,"fontSize":16.0,"textCase":"ORIGINAL","textDecoration":"NONE","textAutoResize":"NONE","textAlignHorizontal":"LEFT","textAlignVertical":"CENTER","letterSpacing":0.0,"fills":null,"hyperLink":null,"opentypeFlags":{},"lineHeightPx":18.75,"lineHeightPercent":100.0,"lineHeightPercentFontSize":null,"lineHeightUnit":"INTRINSIC_%","pbdlType":"text_style"},"clipsContent":null,"pbdlType":"style"},"prototypeNodeUUID":null,"child":null,"constraints":{"pinLeft":true,"pinRight":false,"pinTop":true,"pinBottom":true,"fixedHeight":false,"fixedWidth":true},"pbdlType":"text","content":"Task Name"},"valueName":"Task Name","pbdlType":"pbdl_override_value","ovrType":"stringValue"},{"UUID":"1:40","layoutMainAxisSizing":null,"layoutCrossAxisSizing":null,"name":"Checkbox <custom>","isVisible":true,"boundaryRectangle":null,"style":null,"prototypeNodeUUID":null,"child":null,"constraints":{"pinLeft":true,"pinRight":false,"pinTop":true,"pinBottom":false,"fixedHeight":true,"fixedWidth":true},"value":{"UUID":"I1:22;1:40","layoutMainAxisSizing":"NONE","layoutCrossAxisSizing":"NONE","name":"Checkbox <custom>","isVisible":true,"boundaryRectangle":{"constrainProportions":false,"constraints":null,"height":25.0,"width":25.0,"x":-160.5,"y":-223.0,"z":1.0,"type":"boundaryBox"},"child":null,"constraints":{"pinLeft":true,"pinRight":false,"pinTop":true,"pinBottom":false,"fixedHeight":true,"fixedWidth":true},"style":{"UUID":"","layoutMainAxisSizing":null,"layoutCrossAxisSizing":null,"name":"","isVisible":true,"boundaryRectangle":null,"style":null,"prototypeNodeUUID":"","child":null,"constraints":null,"fills":[],"borderOptions":{"borders":[{"blendMode":"NORMAL","type":"SOLID","color":{"a":1.0,"r":1.0,"g":1.0,"b":1.0},"visible":true}],"strokeWeight":2.0,"strokeAlign":"INSIDE","strokeJoin":null,"strokeDashes":null,"cornerRadius":null},"effects":[],"textStyle":null,"clipsContent":null,"pbdlType":"style"},"imageReference":"images/checkboxcustom.png","prototypeNodeUUID":null,"pbdlType":"image"},"valueName":"images/checkboxcustom.png","pbdlType":"pbdl_override_value","ovrType":"image"},{"UUID":"28:79","layoutMainAxisSizing":null,"layoutCrossAxisSizing":null,"name":"Trash Button <custom>","isVisible":true,"boundaryRectangle":null,"style":null,"prototypeNodeUUID":null,"child":null,"constraints":{"pinLeft":false,"pinRight":true,"pinTop":false,"pinBottom":false,"fixedHeight":true,"fixedWidth":true},"value":{"UUID":"I1:22;28:79","layoutMainAxisSizing":"NONE","layoutCrossAxisSizing":"NONE","name":"Trash Button <custom>","isVisible":true,"boundaryRectangle":{"constrainProportions":false,"constraints":null,"height":25.0,"width":25.0,"x":141.5,"y":-223.0,"z":2.0,"type":"boundaryBox"},"child":null,"constraints":{"pinLeft":false,"pinRight":true,"pinTop":false,"pinBottom":false,"fixedHeight":true,"fixedWidth":true},"style":{"UUID":"","layoutMainAxisSizing":null,"layoutCrossAxisSizing":null,"name":"","isVisible":true,"boundaryRectangle":null,"style":null,"prototypeNodeUUID":"","child":null,"constraints":null,"fills":[],"borderOptions":{"borders":[{"blendMode":"NORMAL","type":"SOLID","color":{"a":1.0,"r":1.0,"g":1.0,"b":1.0},"visible":true}],"strokeWeight":2.0,"strokeAlign":"CENTER","strokeJoin":null,"strokeDashes":null,"cornerRadius":null},"effects":[],"textStyle":null,"clipsContent":null,"pbdlType":"style"},"imageReference":"images/trashbuttoncustom.svg","prototypeNodeUUID":null,"pbdlType":"image"},"valueName":"images/trashbuttoncustom.svg","pbdlType":"pbdl_override_value","ovrType":"image"}],"sharedNodeSetID":null,"pbdlType":"shared_instance"},{"UUID":"1:25","layoutMainAxisSizing":"INHERIT","layoutCrossAxisSizing":"STRETCH","name":"Todo Tile","isVisible":true,"boundaryRectangle":{"constrainProportions":false,"constraints":null,"height":60.0,"width":360.0,"x":-180.5,"y":-171.0,"z":1.0,"type":"boundaryBox"},"style":{"UUID":"","layoutMainAxisSizing":null,"layoutCrossAxisSizing":null,"name":"","isVisible":true,"boundaryRectangle":null,"style":null,"prototypeNodeUUID":"","child":null,"constraints":null,"fills":[{"gradientStops":null,"gradientHandlePositions":[],"imageRef":null,"color":{"a":1.0,"r":0.250980406999588,"g":0.250980406999588,"b":0.250980406999588},"opacity":100,"blendMode":"NORMAL","type":"SOLID","isEnabled":true}],"borderOptions":{"borders":[{"blendMode":"NORMAL","type":"SOLID","color":{"a":1.0,"r":0.0,"g":0.0,"b":0.0},"visible":true}],"strokeWeight":1.0,"strokeAlign":"INSIDE","strokeJoin":null,"strokeDashes":null,"cornerRadius":10.0},"effects":[],"textStyle":null,"clipsContent":true,"pbdlType":"style"},"prototypeNodeUUID":null,"child":null,"constraints":{"pinLeft":true,"pinRight":false,"pinTop":true,"pinBottom":false,"fixedHeight":true,"fixedWidth":true},"symbolID":"1:7","parameters":null,"overrideValues":[{"UUID":"1:21","layoutMainAxisSizing":null,"layoutCrossAxisSizing":null,"name":"Task Name","isVisible":true,"boundaryRectangle":null,"style":null,"prototypeNodeUUID":null,"child":null,"constraints":{"pinLeft":true,"pinRight":false,"pinTop":true,"pinBottom":true,"fixedHeight":false,"fixedWidth":true},"value":{"UUID":"I1:25;1:21","layoutMainAxisSizing":"NONE","layoutCrossAxisSizing":"NONE","name":"Task Name","isVisible":true,"boundaryRectangle":{"constrainProportions":false,"constraints":null,"height":22.0,"width":250.0,"x":-125.5,"y":-152.0,"z":0.0,"type":"boundaryBox"},"style":{"UUID":"","layoutMainAxisSizing":null,"layoutCrossAxisSizing":null,"name":"","isVisible":true,"boundaryRectangle":null,"style":null,"prototypeNodeUUID":"","child":null,"constraints":null,"fills":[{"gradientStops":null,"gradientHandlePositions":[],"imageRef":null,"color":{"a":1.0,"r":1.0,"g":1.0,"b":1.0},"opacity":100,"blendMode":"NORMAL","type":"SOLID","isEnabled":true}],"borderOptions":{"borders":[],"strokeWeight":1.0,"strokeAlign":"OUTSIDE","strokeJoin":null,"strokeDashes":null,"cornerRadius":null},"effects":[],"textStyle":{"UUID":"","layoutMainAxisSizing":null,"layoutCrossAxisSizing":null,"name":"","isVisible":false,"boundaryRectangle":null,"style":null,"prototypeNodeUUID":"","child":null,"constraints":null,"fontFamily":"Roboto","fontPostScriptName":"RobotoRoman-Regular","paragraphSpacing":0,"paragraphIndent":0,"listSpacing":0,"italics":null,"fontWeight":400,"fontSize":16.0,"textCase":"ORIGINAL","textDecoration":"NONE","textAutoResize":"NONE","textAlignHorizontal":"LEFT","textAlignVertical":"CENTER","letterSpacing":0.0,"fills":null,"hyperLink":null,"opentypeFlags":{},"lineHeightPx":18.75,"lineHeightPercent":100.0,"lineHeightPercentFontSize":null,"lineHeightUnit":"INTRINSIC_%","pbdlType":"text_style"},"clipsContent":null,"pbdlType":"style"},"prototypeNodeUUID":null,"child":null,"constraints":{"pinLeft":true,"pinRight":false,"pinTop":true,"pinBottom":true,"fixedHeight":false,"fixedWidth":true},"pbdlType":"text","content":"Task Name"},"valueName":"Task Name","pbdlType":"pbdl_override_value","ovrType":"stringValue"},{"UUID":"1:40","layoutMainAxisSizing":null,"layoutCrossAxisSizing":null,"name":"Checkbox <custom>","isVisible":true,"boundaryRectangle":null,"style":null,"prototypeNodeUUID":null,"child":null,"constraints":{"pinLeft":true,"pinRight":false,"pinTop":true,"pinBottom":false,"fixedHeight":true,"fixedWidth":true},"value":{"UUID":"I1:25;1:40","layoutMainAxisSizing":"NONE","layoutCrossAxisSizing":"NONE","name":"Checkbox <custom>","isVisible":true,"boundaryRectangle":{"constrainProportions":false,"constraints":null,"height":25.0,"width":25.0,"x":-160.5,"y":-153.0,"z":1.0,"type":"boundaryBox"},"child":null,"constraints":{"pinLeft":true,"pinRight":false,"pinTop":true,"pinBottom":false,"fixedHeight":true,"fixedWidth":true},"style":{"UUID":"","layoutMainAxisSizing":null,"layoutCrossAxisSizing":null,"name":"","isVisible":true,"boundaryRectangle":null,"style":null,"prototypeNodeUUID":"","child":null,"constraints":null,"fills":[],"borderOptions":{"borders":[{"blendMode":"NORMAL","type":"SOLID","color":{"a":1.0,"r":1.0,"g":1.0,"b":1.0},"visible":true}],"strokeWeight":2.0,"strokeAlign":"INSIDE","strokeJoin":null,"strokeDashes":null,"cornerRadius":null},"effects":[],"textStyle":null,"clipsContent":null,"pbdlType":"style"},"imageReference":"images/checkboxcustom.png","prototypeNodeUUID":null,"pbdlType":"image"},"valueName":"images/checkboxcustom.png","pbdlType":"pbdl_override_value","ovrType":"image"},{"UUID":"28:79","layoutMainAxisSizing":null,"layoutCrossAxisSizing":null,"name":"Trash Button <custom>","isVisible":true,"boundaryRectangle":null,"style":null,"prototypeNodeUUID":null,"child":null,"constraints":{"pinLeft":false,"pinRight":true,"pinTop":false,"pinBottom":false,"fixedHeight":true,"fixedWidth":true},"value":{"UUID":"I1:25;28:79","layoutMainAxisSizing":"NONE","layoutCrossAxisSizing":"NONE","name":"Trash Button <custom>","isVisible":true,"boundaryRectangle":{"constrainProportions":false,"constraints":null,"height":25.0,"width":25.0,"x":141.5,"y":-153.0,"z":2.0,"type":"boundaryBox"},"child":null,"constraints":{"pinLeft":false,"pinRight":true,"pinTop":false,"pinBottom":false,"fixedHeight":true,"fixedWidth":true},"style":{"UUID":"","layoutMainAxisSizing":null,"layoutCrossAxisSizing":null,"name":"","isVisible":true,"boundaryRectangle":null,"style":null,"prototypeNodeUUID":"","child":null,"constraints":null,"fills":[],"borderOptions":{"borders":[{"blendMode":"NORMAL","type":"SOLID","color":{"a":1.0,"r":1.0,"g":1.0,"b":1.0},"visible":true}],"strokeWeight":2.0,"strokeAlign":"CENTER","strokeJoin":null,"strokeDashes":null,"cornerRadius":null},"effects":[],"textStyle":null,"clipsContent":null,"pbdlType":"style"},"imageReference":"images/trashbuttoncustom.svg","prototypeNodeUUID":null,"pbdlType":"image"},"valueName":"images/trashbuttoncustom.svg","pbdlType":"pbdl_override_value","ovrType":"image"}],"sharedNodeSetID":null,"pbdlType":"shared_instance"},{"UUID":"1:28","layoutMainAxisSizing":"INHERIT","layoutCrossAxisSizing":"STRETCH","name":"Todo Tile","isVisible":true,"boundaryRectangle":{"constrainProportions":false,"constraints":null,"height":60.0,"width":360.0,"x":-180.5,"y":-101.0,"z":2.0,"type":"boundaryBox"},"style":{"UUID":"","layoutMainAxisSizing":null,"layoutCrossAxisSizing":null,"name":"","isVisible":true,"boundaryRectangle":null,"style":null,"prototypeNodeUUID":"","child":null,"constraints":null,"fills":[{"gradientStops":null,"gradientHandlePositions":[],"imageRef":null,"color":{"a":1.0,"r":0.250980406999588,"g":0.250980406999588,"b":0.250980406999588},"opacity":100,"blendMode":"NORMAL","type":"SOLID","isEnabled":true}],"borderOptions":{"borders":[{"blendMode":"NORMAL","type":"SOLID","color":{"a":1.0,"r":0.0,"g":0.0,"b":0.0},"visible":true}],"strokeWeight":1.0,"strokeAlign":"INSIDE","strokeJoin":null,"strokeDashes":null,"cornerRadius":10.0},"effects":[],"textStyle":null,"clipsContent":true,"pbdlType":"style"},"prototypeNodeUUID":null,"child":null,"constraints":{"pinLeft":true,"pinRight":false,"pinTop":true,"pinBottom":false,"fixedHeight":true,"fixedWidth":true},"symbolID":"1:7","parameters":null,"overrideValues":[{"UUID":"1:21","layoutMainAxisSizing":null,"layoutCrossAxisSizing":null,"name":"Task Name","isVisible":true,"boundaryRectangle":null,"style":null,"prototypeNodeUUID":null,"child":null,"constraints":{"pinLeft":true,"pinRight":false,"pinTop":true,"pinBottom":true,"fixedHeight":false,"fixedWidth":true},"value":{"UUID":"I1:28;1:21","layoutMainAxisSizing":"NONE","layoutCrossAxisSizing":"NONE","name":"Task Name","isVisible":true,"boundaryRectangle":{"constrainProportions":false,"constraints":null,"height":22.0,"width":250.0,"x":-125.5,"y":-82.0,"z":0.0,"type":"boundaryBox"},"style":{"UUID":"","layoutMainAxisSizing":null,"layoutCrossAxisSizing":null,"name":"","isVisible":true,"boundaryRectangle":null,"style":null,"prototypeNodeUUID":"","child":null,"constraints":null,"fills":[{"gradientStops":null,"gradientHandlePositions":[],"imageRef":null,"color":{"a":1.0,"r":1.0,"g":1.0,"b":1.0},"opacity":100,"blendMode":"NORMAL","type":"SOLID","isEnabled":true}],"borderOptions":{"borders":[],"strokeWeight":1.0,"strokeAlign":"OUTSIDE","strokeJoin":null,"strokeDashes":null,"cornerRadius":null},"effects":[],"textStyle":{"UUID":"","layoutMainAxisSizing":null,"layoutCrossAxisSizing":null,"name":"","isVisible":false,"boundaryRectangle":null,"style":null,"prototypeNodeUUID":"","child":null,"constraints":null,"fontFamily":"Roboto","fontPostScriptName":"RobotoRoman-Regular","paragraphSpacing":0,"paragraphIndent":0,"listSpacing":0,"italics":null,"fontWeight":400,"fontSize":16.0,"textCase":"ORIGINAL","textDecoration":"NONE","textAutoResize":"NONE","textAlignHorizontal":"LEFT","textAlignVertical":"CENTER","letterSpacing":0.0,"fills":null,"hyperLink":null,"opentypeFlags":{},"lineHeightPx":18.75,"lineHeightPercent":100.0,"lineHeightPercentFontSize":null,"lineHeightUnit":"INTRINSIC_%","pbdlType":"text_style"},"clipsContent":null,"pbdlType":"style"},"prototypeNodeUUID":null,"child":null,"constraints":{"pinLeft":true,"pinRight":false,"pinTop":true,"pinBottom":true,"fixedHeight":false,"fixedWidth":true},"pbdlType":"text","content":"Task Name"},"valueName":"Task Name","pbdlType":"pbdl_override_value","ovrType":"stringValue"},{"UUID":"1:40","layoutMainAxisSizing":null,"layoutCrossAxisSizing":null,"name":"Checkbox <custom>","isVisible":true,"boundaryRectangle":null,"style":null,"prototypeNodeUUID":null,"child":null,"constraints":{"pinLeft":true,"pinRight":false,"pinTop":true,"pinBottom":false,"fixedHeight":true,"fixedWidth":true},"value":{"UUID":"I1:28;1:40","layoutMainAxisSizing":"NONE","layoutCrossAxisSizing":"NONE","name":"Checkbox <custom>","isVisible":true,"boundaryRectangle":{"constrainProportions":false,"constraints":null,"height":25.0,"width":25.0,"x":-160.5,"y":-83.0,"z":1.0,"type":"boundaryBox"},"child":null,"constraints":{"pinLeft":true,"pinRight":false,"pinTop":true,"pinBottom":false,"fixedHeight":true,"fixedWidth":true},"style":{"UUID":"","layoutMainAxisSizing":null,"layoutCrossAxisSizing":null,"name":"","isVisible":true,"boundaryRectangle":null,"style":null,"prototypeNodeUUID":"","child":null,"constraints":null,"fills":[],"borderOptions":{"borders":[{"blendMode":"NORMAL","type":"SOLID","color":{"a":1.0,"r":1.0,"g":1.0,"b":1.0},"visible":true}],"strokeWeight":2.0,"strokeAlign":"INSIDE","strokeJoin":null,"strokeDashes":null,"cornerRadius":null},"effects":[],"textStyle":null,"clipsContent":null,"pbdlType":"style"},"imageReference":"images/checkboxcustom.png","prototypeNodeUUID":null,"pbdlType":"image"},"valueName":"images/checkboxcustom.png","pbdlType":"pbdl_override_value","ovrType":"image"},{"UUID":"28:79","layoutMainAxisSizing":null,"layoutCrossAxisSizing":null,"name":"Trash Button <custom>","isVisible":true,"boundaryRectangle":null,"style":null,"prototypeNodeUUID":null,"child":null,"constraints":{"pinLeft":false,"pinRight":true,"pinTop":false,"pinBottom":false,"fixedHeight":true,"fixedWidth":true},"value":{"UUID":"I1:28;28:79","layoutMainAxisSizing":"NONE","layoutCrossAxisSizing":"NONE","name":"Trash Button <custom>","isVisible":true,"boundaryRectangle":{"constrainProportions":false,"constraints":null,"height":25.0,"width":25.0,"x":141.5,"y":-83.0,"z":2.0,"type":"boundaryBox"},"child":null,"constraints":{"pinLeft":false,"pinRight":true,"pinTop":false,"pinBottom":false,"fixedHeight":true,"fixedWidth":true},"style":{"UUID":"","layoutMainAxisSizing":null,"layoutCrossAxisSizing":null,"name":"","isVisible":true,"boundaryRectangle":null,"style":null,"prototypeNodeUUID":"","child":null,"constraints":null,"fills":[],"borderOptions":{"borders":[{"blendMode":"NORMAL","type":"SOLID","color":{"a":1.0,"r":1.0,"g":1.0,"b":1.0},"visible":true}],"strokeWeight":2.0,"strokeAlign":"CENTER","strokeJoin":null,"strokeDashes":null,"cornerRadius":null},"effects":[],"textStyle":null,"clipsContent":null,"pbdlType":"style"},"imageReference":"images/trashbuttoncustom.svg","prototypeNodeUUID":null,"pbdlType":"image"},"valueName":"images/trashbuttoncustom.svg","pbdlType":"pbdl_override_value","ovrType":"image"}],"sharedNodeSetID":null,"pbdlType":"shared_instance"},{"UUID":"1:31","layoutMainAxisSizing":"INHERIT","layoutCrossAxisSizing":"STRETCH","name":"Todo Tile","isVisible":true,"boundaryRectangle":{"constrainProportions":false,"constraints":null,"height":60.0,"width":360.0,"x":-180.5,"y":-31.0,"z":3.0,"type":"boundaryBox"},"style":{"UUID":"","layoutMainAxisSizing":null,"layoutCrossAxisSizing":null,"name":"","isVisible":true,"boundaryRectangle":null,"style":null,"prototypeNodeUUID":"","child":null,"constraints":null,"fills":[{"gradientStops":null,"gradientHandlePositions":[],"imageRef":null,"color":{"a":1.0,"r":0.250980406999588,"g":0.250980406999588,"b":0.250980406999588},"opacity":100,"blendMode":"NORMAL","type":"SOLID","isEnabled":true}],"borderOptions":{"borders":[{"blendMode":"NORMAL","type":"SOLID","color":{"a":1.0,"r":0.0,"g":0.0,"b":0.0},"visible":true}],"strokeWeight":1.0,"strokeAlign":"INSIDE","strokeJoin":null,"strokeDashes":null,"cornerRadius":10.0},"effects":[],"textStyle":null,"clipsContent":true,"pbdlType":"style"},"prototypeNodeUUID":null,"child":null,"constraints":{"pinLeft":true,"pinRight":false,"pinTop":true,"pinBottom":false,"fixedHeight":true,"fixedWidth":true},"symbolID":"1:7","parameters":null,"overrideValues":[{"UUID":"1:21","layoutMainAxisSizing":null,"layoutCrossAxisSizing":null,"name":"Task Name","isVisible":true,"boundaryRectangle":null,"style":null,"prototypeNodeUUID":null,"child":null,"constraints":{"pinLeft":true,"pinRight":false,"pinTop":true,"pinBottom":true,"fixedHeight":false,"fixedWidth":true},"value":{"UUID":"I1:31;1:21","layoutMainAxisSizing":"NONE","layoutCrossAxisSizing":"NONE","name":"Task Name","isVisible":true,"boundaryRectangle":{"constrainProportions":false,"constraints":null,"height":22.0,"width":250.0,"x":-125.5,"y":-12.0,"z":0.0,"type":"boundaryBox"},"style":{"UUID":"","layoutMainAxisSizing":null,"layoutCrossAxisSizing":null,"name":"","isVisible":true,"boundaryRectangle":null,"style":null,"prototypeNodeUUID":"","child":null,"constraints":null,"fills":[{"gradientStops":null,"gradientHandlePositions":[],"imageRef":null,"color":{"a":1.0,"r":1.0,"g":1.0,"b":1.0},"opacity":100,"blendMode":"NORMAL","type":"SOLID","isEnabled":true}],"borderOptions":{"borders":[],"strokeWeight":1.0,"strokeAlign":"OUTSIDE","strokeJoin":null,"strokeDashes":null,"cornerRadius":null},"effects":[],"textStyle":{"UUID":"","layoutMainAxisSizing":null,"layoutCrossAxisSizing":null,"name":"","isVisible":false,"boundaryRectangle":null,"style":null,"prototypeNodeUUID":"","child":null,"constraints":null,"fontFamily":"Roboto","fontPostScriptName":"RobotoRoman-Regular","paragraphSpacing":0,"paragraphIndent":0,"listSpacing":0,"italics":null,"fontWeight":400,"fontSize":16.0,"textCase":"ORIGINAL","textDecoration":"NONE","textAutoResize":"NONE","textAlignHorizontal":"LEFT","textAlignVertical":"CENTER","letterSpacing":0.0,"fills":null,"hyperLink":null,"opentypeFlags":{},"lineHeightPx":18.75,"lineHeightPercent":100.0,"lineHeightPercentFontSize":null,"lineHeightUnit":"INTRINSIC_%","pbdlType":"text_style"},"clipsContent":null,"pbdlType":"style"},"prototypeNodeUUID":null,"child":null,"constraints":{"pinLeft":true,"pinRight":false,"pinTop":true,"pinBottom":true,"fixedHeight":false,"fixedWidth":true},"pbdlType":"text","content":"Task Name"},"valueName":"Task Name","pbdlType":"pbdl_override_value","ovrType":"stringValue"},{"UUID":"1:40","layoutMainAxisSizing":null,"layoutCrossAxisSizing":null,"name":"Checkbox <custom>","isVisible":true,"boundaryRectangle":null,"style":null,"prototypeNodeUUID":null,"child":null,"constraints":{"pinLeft":true,"pinRight":false,"pinTop":true,"pinBottom":false,"fixedHeight":true,"fixedWidth":true},"value":{"UUID":"I1:31;1:40","layoutMainAxisSizing":"NONE","layoutCrossAxisSizing":"NONE","name":"Checkbox <custom>","isVisible":true,"boundaryRectangle":{"constrainProportions":false,"constraints":null,"height":25.0,"width":25.0,"x":-160.5,"y":-13.0,"z":1.0,"type":"boundaryBox"},"child":null,"constraints":{"pinLeft":true,"pinRight":false,"pinTop":true,"pinBottom":false,"fixedHeight":true,"fixedWidth":true},"style":{"UUID":"","layoutMainAxisSizing":null,"layoutCrossAxisSizing":null,"name":"","isVisible":true,"boundaryRectangle":null,"style":null,"prototypeNodeUUID":"","child":null,"constraints":null,"fills":[],"borderOptions":{"borders":[{"blendMode":"NORMAL","type":"SOLID","color":{"a":1.0,"r":1.0,"g":1.0,"b":1.0},"visible":true}],"strokeWeight":2.0,"strokeAlign":"INSIDE","strokeJoin":null,"strokeDashes":null,"cornerRadius":null},"effects":[],"textStyle":null,"clipsContent":null,"pbdlType":"style"},"imageReference":"images/checkboxcustom.png","prototypeNodeUUID":null,"pbdlType":"image"},"valueName":"images/checkboxcustom.png","pbdlType":"pbdl_override_value","ovrType":"image"},{"UUID":"28:79","layoutMainAxisSizing":null,"layoutCrossAxisSizing":null,"name":"Trash Button <custom>","isVisible":true,"boundaryRectangle":null,"style":null,"prototypeNodeUUID":null,"child":null,"constraints":{"pinLeft":false,"pinRight":true,"pinTop":false,"pinBottom":false,"fixedHeight":true,"fixedWidth":true},"value":{"UUID":"I1:31;28:79","layoutMainAxisSizing":"NONE","layoutCrossAxisSizing":"NONE","name":"Trash Button <custom>","isVisible":true,"boundaryRectangle":{"constrainProportions":false,"constraints":null,"height":25.0,"width":25.0,"x":141.5,"y":-13.0,"z":2.0,"type":"boundaryBox"},"child":null,"constraints":{"pinLeft":false,"pinRight":true,"pinTop":false,"pinBottom":false,"fixedHeight":true,"fixedWidth":true},"style":{"UUID":"","layoutMainAxisSizing":null,"layoutCrossAxisSizing":null,"name":"","isVisible":true,"boundaryRectangle":null,"style":null,"prototypeNodeUUID":"","child":null,"constraints":null,"fills":[],"borderOptions":{"borders":[{"blendMode":"NORMAL","type":"SOLID","color":{"a":1.0,"r":1.0,"g":1.0,"b":1.0},"visible":true}],"strokeWeight":2.0,"strokeAlign":"CENTER","strokeJoin":null,"strokeDashes":null,"cornerRadius":null},"effects":[],"textStyle":null,"clipsContent":null,"pbdlType":"style"},"imageReference":"images/trashbuttoncustom.svg","prototypeNodeUUID":null,"pbdlType":"image"},"valueName":"images/trashbuttoncustom.svg","pbdlType":"pbdl_override_value","ovrType":"image"}],"sharedNodeSetID":null,"pbdlType":"shared_instance"},{"UUID":"1:34","layoutMainAxisSizing":"INHERIT","layoutCrossAxisSizing":"STRETCH","name":"Todo Tile","isVisible":true,"boundaryRectangle":{"constrainProportions":false,"constraints":null,"height":60.0,"width":360.0,"x":-180.5,"y":39.0,"z":4.0,"type":"boundaryBox"},"style":{"UUID":"","layoutMainAxisSizing":null,"layoutCrossAxisSizing":null,"name":"","isVisible":true,"boundaryRectangle":null,"style":null,"prototypeNodeUUID":"","child":null,"constraints":null,"fills":[{"gradientStops":null,"gradientHandlePositions":[],"imageRef":null,"color":{"a":1.0,"r":0.250980406999588,"g":0.250980406999588,"b":0.250980406999588},"opacity":100,"blendMode":"NORMAL","type":"SOLID","isEnabled":true}],"borderOptions":{"borders":[{"blendMode":"NORMAL","type":"SOLID","color":{"a":1.0,"r":0.0,"g":0.0,"b":0.0},"visible":true}],"strokeWeight":1.0,"strokeAlign":"INSIDE","strokeJoin":null,"strokeDashes":null,"cornerRadius":10.0},"effects":[],"textStyle":null,"clipsContent":true,"pbdlType":"style"},"prototypeNodeUUID":null,"child":null,"constraints":{"pinLeft":true,"pinRight":false,"pinTop":true,"pinBottom":false,"fixedHeight":true,"fixedWidth":true},"symbolID":"1:7","parameters":null,"overrideValues":[{"UUID":"1:21","layoutMainAxisSizing":null,"layoutCrossAxisSizing":null,"name":"Task Name","isVisible":true,"boundaryRectangle":null,"style":null,"prototypeNodeUUID":null,"child":null,"constraints":{"pinLeft":true,"pinRight":false,"pinTop":true,"pinBottom":true,"fixedHeight":false,"fixedWidth":true},"value":{"UUID":"I1:34;1:21","layoutMainAxisSizing":"NONE","layoutCrossAxisSizing":"NONE","name":"Task Name","isVisible":true,"boundaryRectangle":{"constrainProportions":false,"constraints":null,"height":22.0,"width":250.0,"x":-125.5,"y":58.0,"z":0.0,"type":"boundaryBox"},"style":{"UUID":"","layoutMainAxisSizing":null,"layoutCrossAxisSizing":null,"name":"","isVisible":true,"boundaryRectangle":null,"style":null,"prototypeNodeUUID":"","child":null,"constraints":null,"fills":[{"gradientStops":null,"gradientHandlePositions":[],"imageRef":null,"color":{"a":1.0,"r":1.0,"g":1.0,"b":1.0},"opacity":100,"blendMode":"NORMAL","type":"SOLID","isEnabled":true}],"borderOptions":{"borders":[],"strokeWeight":1.0,"strokeAlign":"OUTSIDE","strokeJoin":null,"strokeDashes":null,"cornerRadius":null},"effects":[],"textStyle":{"UUID":"","layoutMainAxisSizing":null,"layoutCrossAxisSizing":null,"name":"","isVisible":false,"boundaryRectangle":null,"style":null,"prototypeNodeUUID":"","child":null,"constraints":null,"fontFamily":"Roboto","fontPostScriptName":"RobotoRoman-Regular","paragraphSpacing":0,"paragraphIndent":0,"listSpacing":0,"italics":null,"fontWeight":400,"fontSize":16.0,"textCase":"ORIGINAL","textDecoration":"NONE","textAutoResize":"NONE","textAlignHorizontal":"LEFT","textAlignVertical":"CENTER","letterSpacing":0.0,"fills":null,"hyperLink":null,"opentypeFlags":{},"lineHeightPx":18.75,"lineHeightPercent":100.0,"lineHeightPercentFontSize":null,"lineHeightUnit":"INTRINSIC_%","pbdlType":"text_style"},"clipsContent":null,"pbdlType":"style"},"prototypeNodeUUID":null,"child":null,"constraints":{"pinLeft":true,"pinRight":false,"pinTop":true,"pinBottom":true,"fixedHeight":false,"fixedWidth":true},"pbdlType":"text","content":"Task Name"},"valueName":"Task Name","pbdlType":"pbdl_override_value","ovrType":"stringValue"},{"UUID":"1:40","layoutMainAxisSizing":null,"layoutCrossAxisSizing":null,"name":"Checkbox <custom>","isVisible":true,"boundaryRectangle":null,"style":null,"prototypeNodeUUID":null,"child":null,"constraints":{"pinLeft":true,"pinRight":false,"pinTop":true,"pinBottom":false,"fixedHeight":true,"fixedWidth":true},"value":{"UUID":"I1:34;1:40","layoutMainAxisSizing":"NONE","layoutCrossAxisSizing":"NONE","name":"Checkbox <custom>","isVisible":true,"boundaryRectangle":{"constrainProportions":false,"constraints":null,"height":25.0,"width":25.0,"x":-160.5,"y":57.0,"z":1.0,"type":"boundaryBox"},"child":null,"constraints":{"pinLeft":true,"pinRight":false,"pinTop":true,"pinBottom":false,"fixedHeight":true,"fixedWidth":true},"style":{"UUID":"","layoutMainAxisSizing":null,"layoutCrossAxisSizing":null,"name":"","isVisible":true,"boundaryRectangle":null,"style":null,"prototypeNodeUUID":"","child":null,"constraints":null,"fills":[],"borderOptions":{"borders":[{"blendMode":"NORMAL","type":"SOLID","color":{"a":1.0,"r":1.0,"g":1.0,"b":1.0},"visible":true}],"strokeWeight":2.0,"strokeAlign":"INSIDE","strokeJoin":null,"strokeDashes":null,"cornerRadius":null},"effects":[],"textStyle":null,"clipsContent":null,"pbdlType":"style"},"imageReference":"images/checkboxcustom.png","prototypeNodeUUID":null,"pbdlType":"image"},"valueName":"images/checkboxcustom.png","pbdlType":"pbdl_override_value","ovrType":"image"},{"UUID":"28:79","layoutMainAxisSizing":null,"layoutCrossAxisSizing":null,"name":"Trash Button <custom>","isVisible":true,"boundaryRectangle":null,"style":null,"prototypeNodeUUID":null,"child":null,"constraints":{"pinLeft":false,"pinRight":true,"pinTop":false,"pinBottom":false,"fixedHeight":true,"fixedWidth":true},"value":{"UUID":"I1:34;28:79","layoutMainAxisSizing":"NONE","layoutCrossAxisSizing":"NONE","name":"Trash Button <custom>","isVisible":true,"boundaryRectangle":{"constrainProportions":false,"constraints":null,"height":25.0,"width":25.0,"x":141.5,"y":57.0,"z":2.0,"type":"boundaryBox"},"child":null,"constraints":{"pinLeft":false,"pinRight":true,"pinTop":false,"pinBottom":false,"fixedHeight":true,"fixedWidth":true},"style":{"UUID":"","layoutMainAxisSizing":null,"layoutCrossAxisSizing":null,"name":"","isVisible":true,"boundaryRectangle":null,"style":null,"prototypeNodeUUID":"","child":null,"constraints":null,"fills":[],"borderOptions":{"borders":[{"blendMode":"NORMAL","type":"SOLID","color":{"a":1.0,"r":1.0,"g":1.0,"b":1.0},"visible":true}],"strokeWeight":2.0,"strokeAlign":"CENTER","strokeJoin":null,"strokeDashes":null,"cornerRadius":null},"effects":[],"textStyle":null,"clipsContent":null,"pbdlType":"style"},"imageReference":"images/trashbuttoncustom.svg","prototypeNodeUUID":null,"pbdlType":"image"},"valueName":"images/trashbuttoncustom.svg","pbdlType":"pbdl_override_value","ovrType":"image"}],"sharedNodeSetID":null,"pbdlType":"shared_instance"},{"UUID":"1:37","layoutMainAxisSizing":"INHERIT","layoutCrossAxisSizing":"STRETCH","name":"Todo Tile","isVisible":true,"boundaryRectangle":{"constrainProportions":false,"constraints":null,"height":60.0,"width":360.0,"x":-180.5,"y":109.0,"z":5.0,"type":"boundaryBox"},"style":{"UUID":"","layoutMainAxisSizing":null,"layoutCrossAxisSizing":null,"name":"","isVisible":true,"boundaryRectangle":null,"style":null,"prototypeNodeUUID":"","child":null,"constraints":null,"fills":[{"gradientStops":null,"gradientHandlePositions":[],"imageRef":null,"color":{"a":1.0,"r":0.250980406999588,"g":0.250980406999588,"b":0.250980406999588},"opacity":100,"blendMode":"NORMAL","type":"SOLID","isEnabled":true}],"borderOptions":{"borders":[{"blendMode":"NORMAL","type":"SOLID","color":{"a":1.0,"r":0.0,"g":0.0,"b":0.0},"visible":true}],"strokeWeight":1.0,"strokeAlign":"INSIDE","strokeJoin":null,"strokeDashes":null,"cornerRadius":10.0},"effects":[],"textStyle":null,"clipsContent":true,"pbdlType":"style"},"prototypeNodeUUID":null,"child":null,"constraints":{"pinLeft":true,"pinRight":false,"pinTop":true,"pinBottom":false,"fixedHeight":true,"fixedWidth":true},"symbolID":"1:7","parameters":null,"overrideValues":[{"UUID":"1:21","layoutMainAxisSizing":null,"layoutCrossAxisSizing":null,"name":"Task Name","isVisible":true,"boundaryRectangle":null,"style":null,"prototypeNodeUUID":null,"child":null,"constraints":{"pinLeft":true,"pinRight":false,"pinTop":true,"pinBottom":true,"fixedHeight":false,"fixedWidth":true},"value":{"UUID":"I1:37;1:21","layoutMainAxisSizing":"NONE","layoutCrossAxisSizing":"NONE","name":"Task Name","isVisible":true,"boundaryRectangle":{"constrainProportions":false,"constraints":null,"height":22.0,"width":250.0,"x":-125.5,"y":128.0,"z":0.0,"type":"boundaryBox"},"style":{"UUID":"","layoutMainAxisSizing":null,"layoutCrossAxisSizing":null,"name":"","isVisible":true,"boundaryRectangle":null,"style":null,"prototypeNodeUUID":"","child":null,"constraints":null,"fills":[{"gradientStops":null,"gradientHandlePositions":[],"imageRef":null,"color":{"a":1.0,"r":1.0,"g":1.0,"b":1.0},"opacity":100,"blendMode":"NORMAL","type":"SOLID","isEnabled":true}],"borderOptions":{"borders":[],"strokeWeight":1.0,"strokeAlign":"OUTSIDE","strokeJoin":null,"strokeDashes":null,"cornerRadius":null},"effects":[],"textStyle":{"UUID":"","layoutMainAxisSizing":null,"layoutCrossAxisSizing":null,"name":"","isVisible":false,"boundaryRectangle":null,"style":null,"prototypeNodeUUID":"","child":null,"constraints":null,"fontFamily":"Roboto","fontPostScriptName":"RobotoRoman-Regular","paragraphSpacing":0,"paragraphIndent":0,"listSpacing":0,"italics":null,"fontWeight":400,"fontSize":16.0,"textCase":"ORIGINAL","textDecoration":"NONE","textAutoResize":"NONE","textAlignHorizontal":"LEFT","textAlignVertical":"CENTER","letterSpacing":0.0,"fills":null,"hyperLink":null,"opentypeFlags":{},"lineHeightPx":18.75,"lineHeightPercent":100.0,"lineHeightPercentFontSize":null,"lineHeightUnit":"INTRINSIC_%","pbdlType":"text_style"},"clipsContent":null,"pbdlType":"style"},"prototypeNodeUUID":null,"child":null,"constraints":{"pinLeft":true,"pinRight":false,"pinTop":true,"pinBottom":true,"fixedHeight":false,"fixedWidth":true},"pbdlType":"text","content":"Task Name"},"valueName":"Task Name","pbdlType":"pbdl_override_value","ovrType":"stringValue"},{"UUID":"1:40","layoutMainAxisSizing":null,"layoutCrossAxisSizing":null,"name":"Checkbox <custom>","isVisible":true,"boundaryRectangle":null,"style":null,"prototypeNodeUUID":null,"child":null,"constraints":{"pinLeft":true,"pinRight":false,"pinTop":true,"pinBottom":false,"fixedHeight":true,"fixedWidth":true},"value":{"UUID":"I1:37;1:40","layoutMainAxisSizing":"NONE","layoutCrossAxisSizing":"NONE","name":"Checkbox <custom>","isVisible":true,"boundaryRectangle":{"constrainProportions":false,"constraints":null,"height":25.0,"width":25.0,"x":-160.5,"y":127.0,"z":1.0,"type":"boundaryBox"},"child":null,"constraints":{"pinLeft":true,"pinRight":false,"pinTop":true,"pinBottom":false,"fixedHeight":true,"fixedWidth":true},"style":{"UUID":"","layoutMainAxisSizing":null,"layoutCrossAxisSizing":null,"name":"","isVisible":true,"boundaryRectangle":null,"style":null,"prototypeNodeUUID":"","child":null,"constraints":null,"fills":[],"borderOptions":{"borders":[{"blendMode":"NORMAL","type":"SOLID","color":{"a":1.0,"r":1.0,"g":1.0,"b":1.0},"visible":true}],"strokeWeight":2.0,"strokeAlign":"INSIDE","strokeJoin":null,"strokeDashes":null,"cornerRadius":null},"effects":[],"textStyle":null,"clipsContent":null,"pbdlType":"style"},"imageReference":"images/checkboxcustom.png","prototypeNodeUUID":null,"pbdlType":"image"},"valueName":"images/checkboxcustom.png","pbdlType":"pbdl_override_value","ovrType":"image"},{"UUID":"28:79","layoutMainAxisSizing":null,"layoutCrossAxisSizing":null,"name":"Trash Button <custom>","isVisible":true,"boundaryRectangle":null,"style":null,"prototypeNodeUUID":null,"child":null,"constraints":{"pinLeft":false,"pinRight":true,"pinTop":false,"pinBottom":false,"fixedHeight":true,"fixedWidth":true},"value":{"UUID":"I1:37;28:79","layoutMainAxisSizing":"NONE","layoutCrossAxisSizing":"NONE","name":"Trash Button <custom>","isVisible":true,"boundaryRectangle":{"constrainProportions":false,"constraints":null,"height":25.0,"width":25.0,"x":141.5,"y":127.0,"z":2.0,"type":"boundaryBox"},"child":null,"constraints":{"pinLeft":false,"pinRight":true,"pinTop":false,"pinBottom":false,"fixedHeight":true,"fixedWidth":true},"style":{"UUID":"","layoutMainAxisSizing":null,"layoutCrossAxisSizing":null,"name":"","isVisible":true,"boundaryRectangle":null,"style":null,"prototypeNodeUUID":"","child":null,"constraints":null,"fills":[],"borderOptions":{"borders":[{"blendMode":"NORMAL","type":"SOLID","color":{"a":1.0,"r":1.0,"g":1.0,"b":1.0},"visible":true}],"strokeWeight":2.0,"strokeAlign":"CENTER","strokeJoin":null,"strokeDashes":null,"cornerRadius":null},"effects":[],"textStyle":null,"clipsContent":null,"pbdlType":"style"},"imageReference":"images/trashbuttoncustom.svg","prototypeNodeUUID":null,"pbdlType":"image"},"valueName":"images/trashbuttoncustom.svg","pbdlType":"pbdl_override_value","ovrType":"image"}],"sharedNodeSetID":null,"pbdlType":"shared_instance"}],"pbdlType":"col","fixedRadius":null,"background":null,"autoLayoutOptions":{"orientation":"VERTICAL","spacing":10.0,"leftPadding":10.0,"rightPadding":10.0,"topPadding":null,"bottomPadding":null,"counterAxisAlignment":"START","primaryAxisAlignment":"START","counterAxisSizing":"FIXED","primaryAxisSizing":"FIXED"}},{"UUID":"7:87","layoutMainAxisSizing":"NONE","layoutCrossAxisSizing":"NONE","name":"Plus Button<custom>","isVisible":true,"boundaryRectangle":{"constrainProportions":false,"constraints":null,"height":60.0,"width":60.0,"x":95.0,"y":218.0,"z":1.0,"type":"boundaryBox"},"style":{"UUID":"","layoutMainAxisSizing":null,"layoutCrossAxisSizing":null,"name":"","isVisible":true,"boundaryRectangle":null,"style":null,"prototypeNodeUUID":"","child":null,"constraints":null,"fills":[],"borderOptions":{"borders":[],"strokeWeight":1.0,"strokeAlign":"INSIDE","strokeJoin":null,"strokeDashes":null,"cornerRadius":null},"effects":[],"textStyle":null,"clipsContent":false,"pbdlType":"style"},"prototypeNodeUUID":null,"child":null,"constraints":{"pinLeft":false,"pinRight":true,"pinTop":false,"pinBottom":true,"fixedHeight":true,"fixedWidth":true},"symbolID":"7:86","parameters":null,"overrideValues":[{"UUID":"7:81","layoutMainAxisSizing":null,"layoutCrossAxisSizing":null,"name":"Plus Background","isVisible":true,"boundaryRectangle":null,"style":null,"prototypeNodeUUID":null,"child":null,"constraints":{"pinLeft":false,"pinRight":true,"pinTop":false,"pinBottom":true,"fixedHeight":true,"fixedWidth":true},"value":{"UUID":"I7:87;7:81","layoutMainAxisSizing":"NONE","layoutCrossAxisSizing":"NONE","name":"Plus Background","isVisible":true,"boundaryRectangle":{"constrainProportions":false,"constraints":null,"height":60.0,"width":60.0,"x":95.0,"y":218.0,"z":0.0,"type":"boundaryBox"},"child":null,"constraints":{"pinLeft":false,"pinRight":true,"pinTop":false,"pinBottom":true,"fixedHeight":true,"fixedWidth":true},"style":{"UUID":"","layoutMainAxisSizing":null,"layoutCrossAxisSizing":null,"name":"","isVisible":true,"boundaryRectangle":null,"style":null,"prototypeNodeUUID":"","child":null,"constraints":null,"fills":[{"gradientStops":null,"gradientHandlePositions":[],"imageRef":null,"color":{"a":1.0,"r":0.250980406999588,"g":0.250980406999588,"b":0.250980406999588},"opacity":100,"blendMode":"NORMAL","type":"SOLID","isEnabled":true}],"borderOptions":{"borders":[],"strokeWeight":1.0,"strokeAlign":"INSIDE","strokeJoin":null,"strokeDashes":null,"cornerRadius":null},"effects":[],"textStyle":null,"clipsContent":null,"pbdlType":"style"},"imageReference":"images/plusbackground.png","prototypeNodeUUID":null,"pbdlType":"image"},"valueName":"images/plusbackground.png","pbdlType":"pbdl_override_value","ovrType":"image"}],"sharedNodeSetID":null,"pbdlType":"shared_instance"},{"UUID":"1:15","layoutMainAxisSizing":"NONE","layoutCrossAxisSizing":"NONE","name":"Appbar","isVisible":true,"boundaryRectangle":{"constrainProportions":false,"constraints":null,"height":60.0,"width":375.0,"x":-188.0,"y":-334.0,"z":2.0,"type":"boundaryBox"},"style":{"UUID":"","layoutMainAxisSizing":null,"layoutCrossAxisSizing":null,"name":"","isVisible":true,"boundaryRectangle":null,"style":null,"prototypeNodeUUID":"","child":null,"constraints":null,"fills":[],"borderOptions":{"borders":[],"strokeWeight":1.0,"strokeAlign":"INSIDE","strokeJoin":null,"strokeDashes":null,"cornerRadius":null},"effects":[],"textStyle":null,"clipsContent":false,"pbdlType":"style"},"prototypeNodeUUID":null,"child":null,"constraints":{"pinLeft":true,"pinRight":true,"pinTop":true,"pinBottom":false,"fixedHeight":true,"fixedWidth":false},"symbolID":"1:14","parameters":null,"overrideValues":[{"UUID":"1:12","layoutMainAxisSizing":null,"layoutCrossAxisSizing":null,"name":"Todo App","isVisible":true,"boundaryRectangle":null,"style":null,"prototypeNodeUUID":null,"child":null,"constraints":{"pinLeft":true,"pinRight":true,"pinTop":true,"pinBottom":false,"fixedHeight":true,"fixedWidth":false},"value":{"UUID":"I1:15;1:12","layoutMainAxisSizing":"NONE","layoutCrossAxisSizing":"NONE","name":"Todo App","isVisible":true,"boundaryRectangle":{"constrainProportions":false,"constraints":null,"height":19.0,"width":79.0,"x":-40.0,"y":-311.0,"z":1.0,"type":"boundaryBox"},"style":{"UUID":"","layoutMainAxisSizing":null,"layoutCrossAxisSizing":null,"name":"","isVisible":true,"boundaryRectangle":null,"style":null,"prototypeNodeUUID":"","child":null,"constraints":null,"fills":[{"gradientStops":null,"gradientHandlePositions":[],"imageRef":null,"color":{"a":1.0,"r":1.0,"g":1.0,"b":1.0},"opacity":100,"blendMode":"NORMAL","type":"SOLID","isEnabled":true}],"borderOptions":{"borders":[],"strokeWeight":1.0,"strokeAlign":"OUTSIDE","strokeJoin":null,"strokeDashes":null,"cornerRadius":null},"effects":[],"textStyle":{"UUID":"","layoutMainAxisSizing":null,"layoutCrossAxisSizing":null,"name":"","isVisible":false,"boundaryRectangle":null,"style":null,"prototypeNodeUUID":"","child":null,"constraints":null,"fontFamily":"Roboto","fontPostScriptName":"RobotoRoman-Regular","paragraphSpacing":0,"paragraphIndent":0,"listSpacing":0,"italics":null,"fontWeight":400,"fontSize":16.0,"textCase":"ORIGINAL","textDecoration":"NONE","textAutoResize":"HEIGHT","textAlignHorizontal":"CENTER","textAlignVertical":"TOP","letterSpacing":0.0,"fills":null,"hyperLink":null,"opentypeFlags":{},"lineHeightPx":18.75,"lineHeightPercent":100.0,"lineHeightPercentFontSize":null,"lineHeightUnit":"INTRINSIC_%","pbdlType":"text_style"},"clipsContent":null,"pbdlType":"style"},"prototypeNodeUUID":null,"child":null,"constraints":{"pinLeft":true,"pinRight":true,"pinTop":true,"pinBottom":false,"fixedHeight":true,"fixedWidth":false},"pbdlType":"text","content":"Todo App"},"valueName":"Todo App","pbdlType":"pbdl_override_value","ovrType":"stringValue"}],"sharedNodeSetID":null,"pbdlType":"shared_instance"}]},"isVisible":true},{"UUID":"1:3","layoutMainAxisSizing":null,"layoutCrossAxisSizing":null,"name":"Edit Todo","boundaryRectangle":null,"style":null,"prototypeNodeUUID":null,"child":null,"constraints":null,"convert":true,"imageURI":"https://pbnestcore.blob.core.windows.net/do6qkrqudljmcjcv689l4z/1:3.png","pbdlType":"screen","designNode":{"UUID":"1:3","layoutMainAxisSizing":"NONE","layoutCrossAxisSizing":"NONE","name":"Edit Todo","isVisible":true,"style":{"UUID":"","layoutMainAxisSizing":null,"layoutCrossAxisSizing":null,"name":"","isVisible":true,"boundaryRectangle":null,"style":null,"prototypeNodeUUID":"","child":null,"constraints":null,"fills":[{"gradientStops":null,"gradientHandlePositions":[],"imageRef":null,"color":{"a":1.0,"r":0.0941176488995552,"g":0.0941176488995552,"b":0.0941176488995552},"opacity":100,"blendMode":"NORMAL","type":"SOLID","isEnabled":true}],"borderOptions":{"borders":[],"strokeWeight":1.0,"strokeAlign":"INSIDE","strokeJoin":null,"strokeDashes":null,"cornerRadius":null},"effects":[],"textStyle":null,"clipsContent":true,"pbdlType":"style"},"prototypeNodeUUID":null,"child":null,"constraints":null,"backgroundColor":{"a":1.0,"r":0.0941176488995552,"g":0.0941176488995552,"b":0.0941176488995552},"boundaryRectangle":{"constrainProportions":false,"constraints":null,"height":667.0,"width":375.0,"x":269.0,"y":-334.0,"z":1.0,"type":"boundaryBox"},"isFlowHome":false,"pbdlType":"artboard","children":[{"UUID":"6:27","layoutMainAxisSizing":"NONE","layoutCrossAxisSizing":"NONE","name":"Save Todo Button<custom>","isVisible":true,"boundaryRectangle":{"constrainProportions":false,"constraints":null,"height":50.0,"width":360.0,"x":277.0,"y":226.0,"z":0.0,"type":"boundaryBox"},"style":{"UUID":"","layoutMainAxisSizing":null,"layoutCrossAxisSizing":null,"name":"","isVisible":true,"boundaryRectangle":null,"style":null,"prototypeNodeUUID":"","child":null,"constraints":null,"fills":[],"borderOptions":{"borders":[],"strokeWeight":1.0,"strokeAlign":"INSIDE","strokeJoin":null,"strokeDashes":null,"cornerRadius":null},"effects":[],"textStyle":null,"clipsContent":false,"pbdlType":"style"},"prototypeNodeUUID":null,"child":null,"constraints":{"pinLeft":true,"pinRight":true,"pinTop":false,"pinBottom":true,"fixedHeight":true,"fixedWidth":false},"symbolID":"6:26","parameters":null,"overrideValues":[{"UUID":"6:24","layoutMainAxisSizing":null,"layoutCrossAxisSizing":null,"name":"Save","isVisible":true,"boundaryRectangle":null,"style":null,"prototypeNodeUUID":null,"child":null,"constraints":{"pinLeft":true,"pinRight":true,"pinTop":true,"pinBottom":false,"fixedHeight":true,"fixedWidth":false},"value":{"UUID":"I6:27;6:24","layoutMainAxisSizing":"NONE","layoutCrossAxisSizing":"NONE","name":"Save","isVisible":true,"boundaryRectangle":{"constrainProportions":false,"constraints":null,"height":23.0,"width":55.0,"x":429.0,"y":239.0,"z":1.0,"type":"boundaryBox"},"style":{"UUID":"","layoutMainAxisSizing":null,"layoutCrossAxisSizing":null,"name":"","isVisible":true,"boundaryRectangle":null,"style":null,"prototypeNodeUUID":"","child":null,"constraints":null,"fills":[{"gradientStops":null,"gradientHandlePositions":[],"imageRef":null,"color":{"a":1.0,"r":1.0,"g":1.0,"b":1.0},"opacity":100,"blendMode":"NORMAL","type":"SOLID","isEnabled":true}],"borderOptions":{"borders":[],"strokeWeight":1.0,"strokeAlign":"OUTSIDE","strokeJoin":null,"strokeDashes":null,"cornerRadius":null},"effects":[],"textStyle":{"UUID":"","layoutMainAxisSizing":null,"layoutCrossAxisSizing":null,"name":"","isVisible":false,"boundaryRectangle":null,"style":null,"prototypeNodeUUID":"","child":null,"constraints":null,"fontFamily":"Roboto","fontPostScriptName":"RobotoRoman-Regular","paragraphSpacing":0,"paragraphIndent":0,"listSpacing":0,"italics":null,"fontWeight":400,"fontSize":20.0,"textCase":"ORIGINAL","textDecoration":"NONE","textAutoResize":"HEIGHT","textAlignHorizontal":"CENTER","textAlignVertical":"CENTER","letterSpacing":0.0,"fills":null,"hyperLink":null,"opentypeFlags":{},"lineHeightPx":23.4375,"lineHeightPercent":100.0,"lineHeightPercentFontSize":null,"lineHeightUnit":"INTRINSIC_%","pbdlType":"text_style"},"clipsContent":null,"pbdlType":"style"},"prototypeNodeUUID":null,"child":null,"constraints":{"pinLeft":true,"pinRight":true,"pinTop":true,"pinBottom":false,"fixedHeight":true,"fixedWidth":false},"pbdlType":"text","content":"Save"},"valueName":"Save","pbdlType":"pbdl_override_value","ovrType":"stringValue"}],"sharedNodeSetID":null,"pbdlType":"shared_instance"},{"UUID":"6:21","layoutMainAxisSizing":"NONE","layoutCrossAxisSizing":"NONE","name":"Todo description<textformfield>","isVisible":true,"boundaryRectangle":{"constrainProportions":false,"constraints":null,"height":321.0,"width":360.0,"x":277.0,"y":-141.0,"z":1.0,"type":"boundaryBox"},"style":{"UUID":"","layoutMainAxisSizing":null,"layoutCrossAxisSizing":null,"name":"","isVisible":true,"boundaryRectangle":null,"style":null,"prototypeNodeUUID":"","child":null,"constraints":null,"fills":[{"gradientStops":null,"gradientHandlePositions":[],"imageRef":null,"color":{"a":1.0,"r":0.0941176488995552,"g":0.0941176488995552,"b":0.0941176488995552},"opacity":100,"blendMode":"NORMAL","type":"SOLID","isEnabled":true}],"borderOptions":{"borders":[{"blendMode":"NORMAL","type":"SOLID","color":{"a":1.0,"r":0.28333333134651184,"g":0.25736111402511597,"b":0.25736111402511597},"visible":true}],"strokeWeight":2.0,"strokeAlign":"INSIDE","strokeJoin":null,"strokeDashes":null,"cornerRadius":10.0},"effects":[],"textStyle":null,"clipsContent":true,"pbdlType":"style"},"prototypeNodeUUID":null,"constraints":{"pinLeft":true,"pinRight":true,"pinTop":true,"pinBottom":false,"fixedHeight":true,"fixedWidth":false},"children":[{"UUID":"6:22","layoutMainAxisSizing":"NONE","layoutCrossAxisSizing":"NONE","name":"Description<hinttext>","isVisible":true,"boundaryRectangle":{"constrainProportions":false,"constraints":null,"height":23.0,"width":102.0,"x":295.0,"y":-124.0,"z":0.0,"type":"boundaryBox"},"style":{"UUID":"","layoutMainAxisSizing":null,"layoutCrossAxisSizing":null,"name":"","isVisible":true,"boundaryRectangle":null,"style":null,"prototypeNodeUUID":"","child":null,"constraints":null,"fills":[{"gradientStops":null,"gradientHandlePositions":[],"imageRef":null,"color":{"a":1.0,"r":1.0,"g":1.0,"b":1.0},"opacity":100,"blendMode":"NORMAL","type":"SOLID","isEnabled":true}],"borderOptions":{"borders":[],"strokeWeight":1.0,"strokeAlign":"OUTSIDE","strokeJoin":null,"strokeDashes":null,"cornerRadius":null},"effects":[],"textStyle":{"UUID":"","layoutMainAxisSizing":null,"layoutCrossAxisSizing":null,"name":"","isVisible":false,"boundaryRectangle":null,"style":null,"prototypeNodeUUID":"","child":null,"constraints":null,"fontFamily":"Roboto","fontPostScriptName":"RobotoRoman-Regular","paragraphSpacing":0,"paragraphIndent":0,"listSpacing":0,"italics":null,"fontWeight":400,"fontSize":20.0,"textCase":"ORIGINAL","textDecoration":"NONE","textAutoResize":"WIDTH_AND_HEIGHT","textAlignHorizontal":"LEFT","textAlignVertical":"CENTER","letterSpacing":0.0,"fills":null,"hyperLink":null,"opentypeFlags":{},"lineHeightPx":23.4375,"lineHeightPercent":100.0,"lineHeightPercentFontSize":null,"lineHeightUnit":"INTRINSIC_%","pbdlType":"text_style"},"clipsContent":null,"pbdlType":"style"},"prototypeNodeUUID":null,"child":null,"constraints":{"pinLeft":true,"pinRight":false,"pinTop":true,"pinBottom":false,"fixedHeight":true,"fixedWidth":true},"pbdlType":"text","content":"Description"}],"pbdlType":"frame","fixedRadius":null,"background":null,"autoLayoutOptions":null},{"UUID":"5:19","layoutMainAxisSizing":"NONE","layoutCrossAxisSizing":"NONE","name":"Todo title<textformfield>","isVisible":true,"boundaryRectangle":{"constrainProportions":false,"constraints":null,"height":50.0,"width":360.0,"x":277.0,"y":-236.0,"z":2.0,"type":"boundaryBox"},"style":{"UUID":"","layoutMainAxisSizing":null,"layoutCrossAxisSizing":null,"name":"","isVisible":true,"boundaryRectangle":null,"style":null,"prototypeNodeUUID":"","child":null,"constraints":null,"fills":[{"gradientStops":null,"gradientHandlePositions":[],"imageRef":null,"color":{"a":1.0,"r":0.0941176488995552,"g":0.0941176488995552,"b":0.0941176488995552},"opacity":100,"blendMode":"NORMAL","type":"SOLID","isEnabled":true}],"borderOptions":{"borders":[{"blendMode":"NORMAL","type":"SOLID","color":{"a":1.0,"r":0.28333333134651184,"g":0.25736111402511597,"b":0.25736111402511597},"visible":true}],"strokeWeight":2.0,"strokeAlign":"INSIDE","strokeJoin":null,"strokeDashes":null,"cornerRadius":10.0},"effects":[],"textStyle":null,"clipsContent":true,"pbdlType":"style"},"prototypeNodeUUID":null,"constraints":{"pinLeft":true,"pinRight":true,"pinTop":true,"pinBottom":false,"fixedHeight":true,"fixedWidth":false},"children":[{"UUID":"5:20","layoutMainAxisSizing":"NONE","layoutCrossAxisSizing":"NONE","name":"Title<hinttext>","isVisible":true,"boundaryRectangle":{"constrainProportions":false,"constraints":null,"height":35.0,"width":59.0,"x":299.0,"y":-228.0,"z":0.0,"type":"boundaryBox"},"style":{"UUID":"","layoutMainAxisSizing":null,"layoutCrossAxisSizing":null,"name":"","isVisible":true,"boundaryRectangle":null,"style":null,"prototypeNodeUUID":"","child":null,"constraints":null,"fills":[{"gradientStops":null,"gradientHandlePositions":[],"imageRef":null,"color":{"a":1.0,"r":1.0,"g":1.0,"b":1.0},"opacity":100,"blendMode":"NORMAL","type":"SOLID","isEnabled":true}],"borderOptions":{"borders":[],"strokeWeight":1.0,"strokeAlign":"OUTSIDE","strokeJoin":null,"strokeDashes":null,"cornerRadius":null},"effects":[],"textStyle":{"UUID":"","layoutMainAxisSizing":null,"layoutCrossAxisSizing":null,"name":"","isVisible":false,"boundaryRectangle":null,"style":null,"prototypeNodeUUID":"","child":null,"constraints":null,"fontFamily":"Roboto","fontPostScriptName":"RobotoRoman-Regular","paragraphSpacing":0,"paragraphIndent":0,"listSpacing":0,"italics":null,"fontWeight":400,"fontSize":30.0,"textCase":"ORIGINAL","textDecoration":"NONE","textAutoResize":"WIDTH_AND_HEIGHT","textAlignHorizontal":"LEFT","textAlignVertical":"CENTER","letterSpacing":0.0,"fills":null,"hyperLink":null,"opentypeFlags":{},"lineHeightPx":35.15625,"lineHeightPercent":100.0,"lineHeightPercentFontSize":null,"lineHeightUnit":"INTRINSIC_%","pbdlType":"text_style"},"clipsContent":null,"pbdlType":"style"},"prototypeNodeUUID":null,"child":null,"constraints":{"pinLeft":true,"pinRight":false,"pinTop":true,"pinBottom":false,"fixedHeight":true,"fixedWidth":true},"pbdlType":"text","content":"Title"}],"pbdlType":"frame","fixedRadius":null,"background":null,"autoLayoutOptions":null},{"UUID":"1:18","layoutMainAxisSizing":"NONE","layoutCrossAxisSizing":"NONE","name":"Appbar","isVisible":true,"boundaryRectangle":{"constrainProportions":false,"constraints":null,"height":60.0,"width":375.0,"x":269.0,"y":-334.0,"z":3.0,"type":"boundaryBox"},"style":{"UUID":"","layoutMainAxisSizing":null,"layoutCrossAxisSizing":null,"name":"","isVisible":true,"boundaryRectangle":null,"style":null,"prototypeNodeUUID":"","child":null,"constraints":null,"fills":[],"borderOptions":{"borders":[],"strokeWeight":1.0,"strokeAlign":"INSIDE","strokeJoin":null,"strokeDashes":null,"cornerRadius":null},"effects":[],"textStyle":null,"clipsContent":false,"pbdlType":"style"},"prototypeNodeUUID":null,"child":null,"constraints":{"pinLeft":true,"pinRight":true,"pinTop":true,"pinBottom":false,"fixedHeight":true,"fixedWidth":false},"symbolID":"1:14","parameters":null,"overrideValues":[{"UUID":"1:12","layoutMainAxisSizing":null,"layoutCrossAxisSizing":null,"name":"Todo App","isVisible":true,"boundaryRectangle":null,"style":null,"prototypeNodeUUID":null,"child":null,"constraints":{"pinLeft":true,"pinRight":true,"pinTop":true,"pinBottom":false,"fixedHeight":true,"fixedWidth":false},"value":{"UUID":"I1:18;1:12","layoutMainAxisSizing":"NONE","layoutCrossAxisSizing":"NONE","name":"Todo App","isVisible":true,"boundaryRectangle":{"constrainProportions":false,"constraints":null,"height":19.0,"width":79.0,"x":417.0,"y":-311.0,"z":1.0,"type":"boundaryBox"},"style":{"UUID":"","layoutMainAxisSizing":null,"layoutCrossAxisSizing":null,"name":"","isVisible":true,"boundaryRectangle":null,"style":null,"prototypeNodeUUID":"","child":null,"constraints":null,"fills":[{"gradientStops":null,"gradientHandlePositions":[],"imageRef":null,"color":{"a":1.0,"r":1.0,"g":1.0,"b":1.0},"opacity":100,"blendMode":"NORMAL","type":"SOLID","isEnabled":true}],"borderOptions":{"borders":[],"strokeWeight":1.0,"strokeAlign":"OUTSIDE","strokeJoin":null,"strokeDashes":null,"cornerRadius":null},"effects":[],"textStyle":{"UUID":"","layoutMainAxisSizing":null,"layoutCrossAxisSizing":null,"name":"","isVisible":false,"boundaryRectangle":null,"style":null,"prototypeNodeUUID":"","child":null,"constraints":null,"fontFamily":"Roboto","fontPostScriptName":"RobotoRoman-Regular","paragraphSpacing":0,"paragraphIndent":0,"listSpacing":0,"italics":null,"fontWeight":400,"fontSize":16.0,"textCase":"ORIGINAL","textDecoration":"NONE","textAutoResize":"HEIGHT","textAlignHorizontal":"CENTER","textAlignVertical":"TOP","letterSpacing":0.0,"fills":null,"hyperLink":null,"opentypeFlags":{},"lineHeightPx":18.75,"lineHeightPercent":100.0,"lineHeightPercentFontSize":null,"lineHeightUnit":"INTRINSIC_%","pbdlType":"text_style"},"clipsContent":null,"pbdlType":"style"},"prototypeNodeUUID":null,"child":null,"constraints":{"pinLeft":true,"pinRight":true,"pinTop":true,"pinBottom":false,"fixedHeight":true,"fixedWidth":false},"pbdlType":"text","content":"Todo App"},"valueName":"Todo App","pbdlType":"pbdl_override_value","ovrType":"stringValue"}],"sharedNodeSetID":null,"pbdlType":"shared_instance"}]},"isVisible":true}],"pbdlType":"page"},{"UUID":"1:4","layoutMainAxisSizing":null,"layoutCrossAxisSizing":null,"name":"Components","isVisible":true,"boundaryRectangle":null,"style":null,"prototypeNodeUUID":null,"child":null,"constraints":null,"convert":true,"screens":[{"UUID":"1:14","layoutMainAxisSizing":null,"layoutCrossAxisSizing":null,"name":"Appbar","boundaryRectangle":null,"style":null,"prototypeNodeUUID":null,"child":null,"constraints":null,"convert":true,"imageURI":"https://pbnestcore.blob.core.windows.net/do6qkrqudljmcjcv689l4z/1:14.png","pbdlType":"screen","designNode":{"UUID":"1:14","layoutMainAxisSizing":"NONE","layoutCrossAxisSizing":"NONE","name":"Appbar","isVisible":true,"boundaryRectangle":{"constrainProportions":false,"constraints":null,"height":60.0,"width":375.0,"x":-448.0,"y":-414.0,"z":1.0,"type":"boundaryBox"},"style":{"UUID":"","layoutMainAxisSizing":null,"layoutCrossAxisSizing":null,"name":"","isVisible":true,"boundaryRectangle":null,"style":null,"prototypeNodeUUID":"","child":null,"constraints":null,"fills":[],"borderOptions":{"borders":[],"strokeWeight":1.0,"strokeAlign":"INSIDE","strokeJoin":null,"strokeDashes":null,"cornerRadius":null},"effects":[],"textStyle":null,"clipsContent":false,"pbdlType":"style"},"prototypeNodeUUID":null,"child":null,"constraints":{"pinLeft":false,"pinRight":false,"pinTop":false,"pinBottom":false,"fixedHeight":false,"fixedWidth":false},"symbolID":"1:14","overrideProperties":[{"UUID":"1:12","layoutMainAxisSizing":null,"layoutCrossAxisSizing":null,"name":"ovrTodo App","child":null,"constraints":{"pinLeft":true,"pinRight":true,"pinTop":true,"pinBottom":false,"fixedHeight":true,"fixedWidth":false},"value":{"UUID":"1:12","layoutMainAxisSizing":"NONE","layoutCrossAxisSizing":"NONE","name":"Todo App","isVisible":true,"boundaryRectangle":{"constrainProportions":false,"constraints":null,"height":19.0,"width":79.0,"x":-300.0,"y":-391.0,"z":1.0,"type":"boundaryBox"},"style":{"UUID":"","layoutMainAxisSizing":null,"layoutCrossAxisSizing":null,"name":"","isVisible":true,"boundaryRectangle":null,"style":null,"prototypeNodeUUID":"","child":null,"constraints":null,"fills":[{"gradientStops":null,"gradientHandlePositions":[],"imageRef":null,"color":{"a":1.0,"r":1.0,"g":1.0,"b":1.0},"opacity":100,"blendMode":"NORMAL","type":"SOLID","isEnabled":true}],"borderOptions":{"borders":[],"strokeWeight":1.0,"strokeAlign":"OUTSIDE","strokeJoin":null,"strokeDashes":null,"cornerRadius":null},"effects":[],"textStyle":{"UUID":"","layoutMainAxisSizing":null,"layoutCrossAxisSizing":null,"name":"","isVisible":false,"boundaryRectangle":null,"style":null,"prototypeNodeUUID":"","child":null,"constraints":null,"fontFamily":"Roboto","fontPostScriptName":"RobotoRoman-Regular","paragraphSpacing":0,"paragraphIndent":0,"listSpacing":0,"italics":null,"fontWeight":400,"fontSize":16.0,"textCase":"ORIGINAL","textDecoration":"NONE","textAutoResize":"HEIGHT","textAlignHorizontal":"CENTER","textAlignVertical":"TOP","letterSpacing":0.0,"fills":null,"hyperLink":null,"opentypeFlags":{},"lineHeightPx":18.75,"lineHeightPercent":100.0,"lineHeightPercentFontSize":null,"lineHeightUnit":"INTRINSIC_%","pbdlType":"text_style"},"clipsContent":null,"pbdlType":"style"},"prototypeNodeUUID":null,"child":null,"constraints":{"pinLeft":true,"pinRight":true,"pinTop":true,"pinBottom":false,"fixedHeight":true,"fixedWidth":false},"pbdlType":"text","content":"Todo App"},"pbdlType":"pbdl_override_property","ovrType":"stringValue"}],"children":[{"UUID":"1:11","layoutMainAxisSizing":"NONE","layoutCrossAxisSizing":"NONE","name":"Rectangle 1","isVisible":true,"boundaryRectangle":{"constrainProportions":false,"constraints":null,"height":60.0,"width":375.0,"x":-448.0,"y":-414.0,"z":0.0,"type":"boundaryBox"},"style":{"UUID":"","layoutMainAxisSizing":null,"layoutCrossAxisSizing":null,"name":"","isVisible":true,"boundaryRectangle":null,"style":null,"prototypeNodeUUID":"","child":null,"constraints":null,"fills":[{"gradientStops":null,"gradientHandlePositions":[],"imageRef":null,"color":{"a":1.0,"r":0.250980406999588,"g":0.250980406999588,"b":0.250980406999588},"opacity":100,"blendMode":"NORMAL","type":"SOLID","isEnabled":true}],"borderOptions":{"borders":[],"strokeWeight":1.0,"strokeAlign":"INSIDE","strokeJoin":null,"strokeDashes":null,"cornerRadius":null},"effects":[],"textStyle":null,"clipsContent":null,"pbdlType":"style"},"prototypeNodeUUID":null,"constraints":{"pinLeft":true,"pinRight":true,"pinTop":true,"pinBottom":true,"fixedHeight":false,"fixedWidth":false},"fixedRadius":0,"pbdlType":"rectangle","child":null},{"UUID":"1:12","layoutMainAxisSizing":"NONE","layoutCrossAxisSizing":"NONE","name":"Todo App","isVisible":true,"boundaryRectangle":{"constrainProportions":false,"constraints":null,"height":19.0,"width":79.0,"x":-300.0,"y":-391.0,"z":1.0,"type":"boundaryBox"},"style":{"UUID":"","layoutMainAxisSizing":null,"layoutCrossAxisSizing":null,"name":"","isVisible":true,"boundaryRectangle":null,"style":null,"prototypeNodeUUID":"","child":null,"constraints":null,"fills":[{"gradientStops":null,"gradientHandlePositions":[],"imageRef":null,"color":{"a":1.0,"r":1.0,"g":1.0,"b":1.0},"opacity":100,"blendMode":"NORMAL","type":"SOLID","isEnabled":true}],"borderOptions":{"borders":[],"strokeWeight":1.0,"strokeAlign":"OUTSIDE","strokeJoin":null,"strokeDashes":null,"cornerRadius":null},"effects":[],"textStyle":{"UUID":"","layoutMainAxisSizing":null,"layoutCrossAxisSizing":null,"name":"","isVisible":false,"boundaryRectangle":null,"style":null,"prototypeNodeUUID":"","child":null,"constraints":null,"fontFamily":"Roboto","fontPostScriptName":"RobotoRoman-Regular","paragraphSpacing":0,"paragraphIndent":0,"listSpacing":0,"italics":null,"fontWeight":400,"fontSize":16.0,"textCase":"ORIGINAL","textDecoration":"NONE","textAutoResize":"HEIGHT","textAlignHorizontal":"CENTER","textAlignVertical":"TOP","letterSpacing":0.0,"fills":null,"hyperLink":null,"opentypeFlags":{},"lineHeightPx":18.75,"lineHeightPercent":100.0,"lineHeightPercentFontSize":null,"lineHeightUnit":"INTRINSIC_%","pbdlType":"text_style"},"clipsContent":null,"pbdlType":"style"},"prototypeNodeUUID":null,"child":null,"constraints":{"pinLeft":true,"pinRight":true,"pinTop":true,"pinBottom":false,"fixedHeight":true,"fixedWidth":false},"pbdlType":"text","content":"Todo App"}],"pbdlType":"shared_master","componentSetName":null,"sharedNodeSetID":null},"isVisible":true},{"UUID":"1:7","layoutMainAxisSizing":null,"layoutCrossAxisSizing":null,"name":"Todo Tile","boundaryRectangle":null,"style":null,"prototypeNodeUUID":null,"child":null,"constraints":null,"convert":true,"imageURI":"https://pbnestcore.blob.core.windows.net/do6qkrqudljmcjcv689l4z/1:7.png","pbdlType":"screen","designNode":{"UUID":"1:7","layoutMainAxisSizing":"NONE","layoutCrossAxisSizing":"NONE","name":"Todo Tile","isVisible":true,"boundaryRectangle":{"constrainProportions":false,"constraints":null,"height":60.0,"width":360.0,"x":-448.0,"y":-313.0,"z":0.0,"type":"boundaryBox"},"style":{"UUID":"","layoutMainAxisSizing":null,"layoutCrossAxisSizing":null,"name":"","isVisible":true,"boundaryRectangle":null,"style":null,"prototypeNodeUUID":"","child":null,"constraints":null,"fills":[{"gradientStops":null,"gradientHandlePositions":[],"imageRef":null,"color":{"a":1.0,"r":0.250980406999588,"g":0.250980406999588,"b":0.250980406999588},"opacity":100,"blendMode":"NORMAL","type":"SOLID","isEnabled":true}],"borderOptions":{"borders":[{"blendMode":"NORMAL","type":"SOLID","color":{"a":1.0,"r":0.0,"g":0.0,"b":0.0},"visible":true}],"strokeWeight":1.0,"strokeAlign":"INSIDE","strokeJoin":null,"strokeDashes":null,"cornerRadius":10.0},"effects":[],"textStyle":null,"clipsContent":true,"pbdlType":"style"},"prototypeNodeUUID":null,"child":null,"constraints":{"pinLeft":false,"pinRight":false,"pinTop":false,"pinBottom":false,"fixedHeight":false,"fixedWidth":false},"symbolID":"1:7","overrideProperties":[{"UUID":"1:21","layoutMainAxisSizing":null,"layoutCrossAxisSizing":null,"name":"ovrTask Name","child":null,"constraints":{"pinLeft":true,"pinRight":false,"pinTop":true,"pinBottom":true,"fixedHeight":false,"fixedWidth":true},"value":{"UUID":"1:21","layoutMainAxisSizing":"NONE","layoutCrossAxisSizing":"NONE","name":"Task Name","isVisible":true,"boundaryRectangle":{"constrainProportions":false,"constraints":null,"height":22.0,"width":250.0,"x":-393.0,"y":-294.0,"z":0.0,"type":"boundaryBox"},"style":{"UUID":"","layoutMainAxisSizing":null,"layoutCrossAxisSizing":null,"name":"","isVisible":true,"boundaryRectangle":null,"style":null,"prototypeNodeUUID":"","child":null,"constraints":null,"fills":[{"gradientStops":null,"gradientHandlePositions":[],"imageRef":null,"color":{"a":1.0,"r":1.0,"g":1.0,"b":1.0},"opacity":100,"blendMode":"NORMAL","type":"SOLID","isEnabled":true}],"borderOptions":{"borders":[],"strokeWeight":1.0,"strokeAlign":"OUTSIDE","strokeJoin":null,"strokeDashes":null,"cornerRadius":null},"effects":[],"textStyle":{"UUID":"","layoutMainAxisSizing":null,"layoutCrossAxisSizing":null,"name":"","isVisible":false,"boundaryRectangle":null,"style":null,"prototypeNodeUUID":"","child":null,"constraints":null,"fontFamily":"Roboto","fontPostScriptName":"RobotoRoman-Regular","paragraphSpacing":0,"paragraphIndent":0,"listSpacing":0,"italics":null,"fontWeight":400,"fontSize":16.0,"textCase":"ORIGINAL","textDecoration":"NONE","textAutoResize":"NONE","textAlignHorizontal":"LEFT","textAlignVertical":"CENTER","letterSpacing":0.0,"fills":null,"hyperLink":null,"opentypeFlags":{},"lineHeightPx":18.75,"lineHeightPercent":100.0,"lineHeightPercentFontSize":null,"lineHeightUnit":"INTRINSIC_%","pbdlType":"text_style"},"clipsContent":null,"pbdlType":"style"},"prototypeNodeUUID":null,"child":null,"constraints":{"pinLeft":true,"pinRight":false,"pinTop":true,"pinBottom":true,"fixedHeight":false,"fixedWidth":true},"pbdlType":"text","content":"Task Name"},"pbdlType":"pbdl_override_property","ovrType":"stringValue"},{"UUID":"1:40","layoutMainAxisSizing":null,"layoutCrossAxisSizing":null,"name":"ovrCheckbox <custom>","child":null,"constraints":{"pinLeft":true,"pinRight":false,"pinTop":true,"pinBottom":false,"fixedHeight":true,"fixedWidth":true},"value":{"UUID":"1:40","layoutMainAxisSizing":"NONE","layoutCrossAxisSizing":"NONE","name":"Checkbox <custom>","isVisible":true,"boundaryRectangle":{"constrainProportions":false,"constraints":null,"height":25.0,"width":25.0,"x":-428.0,"y":-295.0,"z":1.0,"type":"boundaryBox"},"child":null,"constraints":{"pinLeft":true,"pinRight":false,"pinTop":true,"pinBottom":false,"fixedHeight":true,"fixedWidth":true},"style":{"UUID":"","layoutMainAxisSizing":null,"layoutCrossAxisSizing":null,"name":"","isVisible":true,"boundaryRectangle":null,"style":null,"prototypeNodeUUID":"","child":null,"constraints":null,"fills":[],"borderOptions":{"borders":[{"blendMode":"NORMAL","type":"SOLID","color":{"a":1.0,"r":1.0,"g":1.0,"b":1.0},"visible":true}],"strokeWeight":2.0,"strokeAlign":"INSIDE","strokeJoin":null,"strokeDashes":null,"cornerRadius":null},"effects":[],"textStyle":null,"clipsContent":null,"pbdlType":"style"},"imageReference":"images/checkboxcustom.png","prototypeNodeUUID":null,"pbdlType":"image"},"pbdlType":"pbdl_override_property","ovrType":"image"},{"UUID":"28:79","layoutMainAxisSizing":null,"layoutCrossAxisSizing":null,"name":"ovrTrash Button <custom>","child":null,"constraints":{"pinLeft":false,"pinRight":true,"pinTop":false,"pinBottom":false,"fixedHeight":true,"fixedWidth":true},"value":{"UUID":"28:79","layoutMainAxisSizing":"NONE","layoutCrossAxisSizing":"NONE","name":"Trash Button <custom>","isVisible":true,"boundaryRectangle":{"constrainProportions":false,"constraints":null,"height":25.0,"width":25.0,"x":-126.0,"y":-295.0,"z":2.0,"type":"boundaryBox"},"child":null,"constraints":{"pinLeft":false,"pinRight":true,"pinTop":false,"pinBottom":false,"fixedHeight":true,"fixedWidth":true},"style":{"UUID":"","layoutMainAxisSizing":null,"layoutCrossAxisSizing":null,"name":"","isVisible":true,"boundaryRectangle":null,"style":null,"prototypeNodeUUID":"","child":null,"constraints":null,"fills":[],"borderOptions":{"borders":[{"blendMode":"NORMAL","type":"SOLID","color":{"a":1.0,"r":1.0,"g":1.0,"b":1.0},"visible":true}],"strokeWeight":2.0,"strokeAlign":"CENTER","strokeJoin":null,"strokeDashes":null,"cornerRadius":null},"effects":[],"textStyle":null,"clipsContent":null,"pbdlType":"style"},"imageReference":"images/trashbuttoncustom.svg","prototypeNodeUUID":null,"pbdlType":"image"},"pbdlType":"pbdl_override_property","ovrType":"image"}],"children":[{"UUID":"1:21","layoutMainAxisSizing":"NONE","layoutCrossAxisSizing":"NONE","name":"Task Name","isVisible":true,"boundaryRectangle":{"constrainProportions":false,"constraints":null,"height":22.0,"width":250.0,"x":-393.0,"y":-294.0,"z":0.0,"type":"boundaryBox"},"style":{"UUID":"","layoutMainAxisSizing":null,"layoutCrossAxisSizing":null,"name":"","isVisible":true,"boundaryRectangle":null,"style":null,"prototypeNodeUUID":"","child":null,"constraints":null,"fills":[{"gradientStops":null,"gradientHandlePositions":[],"imageRef":null,"color":{"a":1.0,"r":1.0,"g":1.0,"b":1.0},"opacity":100,"blendMode":"NORMAL","type":"SOLID","isEnabled":true}],"borderOptions":{"borders":[],"strokeWeight":1.0,"strokeAlign":"OUTSIDE","strokeJoin":null,"strokeDashes":null,"cornerRadius":null},"effects":[],"textStyle":{"UUID":"","layoutMainAxisSizing":null,"layoutCrossAxisSizing":null,"name":"","isVisible":false,"boundaryRectangle":null,"style":null,"prototypeNodeUUID":"","child":null,"constraints":null,"fontFamily":"Roboto","fontPostScriptName":"RobotoRoman-Regular","paragraphSpacing":0,"paragraphIndent":0,"listSpacing":0,"italics":null,"fontWeight":400,"fontSize":16.0,"textCase":"ORIGINAL","textDecoration":"NONE","textAutoResize":"NONE","textAlignHorizontal":"LEFT","textAlignVertical":"CENTER","letterSpacing":0.0,"fills":null,"hyperLink":null,"opentypeFlags":{},"lineHeightPx":18.75,"lineHeightPercent":100.0,"lineHeightPercentFontSize":null,"lineHeightUnit":"INTRINSIC_%","pbdlType":"text_style"},"clipsContent":null,"pbdlType":"style"},"prototypeNodeUUID":null,"child":null,"constraints":{"pinLeft":true,"pinRight":false,"pinTop":true,"pinBottom":true,"fixedHeight":false,"fixedWidth":true},"pbdlType":"text","content":"Task Name"},{"UUID":"1:40","layoutMainAxisSizing":"NONE","layoutCrossAxisSizing":"NONE","name":"Checkbox <custom>","isVisible":true,"boundaryRectangle":{"constrainProportions":false,"constraints":null,"height":25.0,"width":25.0,"x":-428.0,"y":-295.0,"z":1.0,"type":"boundaryBox"},"child":null,"constraints":{"pinLeft":true,"pinRight":false,"pinTop":true,"pinBottom":false,"fixedHeight":true,"fixedWidth":true},"style":{"UUID":"","layoutMainAxisSizing":null,"layoutCrossAxisSizing":null,"name":"","isVisible":true,"boundaryRectangle":null,"style":null,"prototypeNodeUUID":"","child":null,"constraints":null,"fills":[],"borderOptions":{"borders":[{"blendMode":"NORMAL","type":"SOLID","color":{"a":1.0,"r":1.0,"g":1.0,"b":1.0},"visible":true}],"strokeWeight":2.0,"strokeAlign":"INSIDE","strokeJoin":null,"strokeDashes":null,"cornerRadius":null},"effects":[],"textStyle":null,"clipsContent":null,"pbdlType":"style"},"imageReference":"images/checkboxcustom.png","prototypeNodeUUID":null,"pbdlType":"image"},{"UUID":"28:79","layoutMainAxisSizing":"NONE","layoutCrossAxisSizing":"NONE","name":"Trash Button <custom>","isVisible":true,"boundaryRectangle":{"constrainProportions":false,"constraints":null,"height":25.0,"width":25.0,"x":-126.0,"y":-295.0,"z":2.0,"type":"boundaryBox"},"child":null,"constraints":{"pinLeft":false,"pinRight":true,"pinTop":false,"pinBottom":false,"fixedHeight":true,"fixedWidth":true},"style":{"UUID":"","layoutMainAxisSizing":null,"layoutCrossAxisSizing":null,"name":"","isVisible":true,"boundaryRectangle":null,"style":null,"prototypeNodeUUID":"","child":null,"constraints":null,"fills":[],"borderOptions":{"borders":[{"blendMode":"NORMAL","type":"SOLID","color":{"a":1.0,"r":1.0,"g":1.0,"b":1.0},"visible":true}],"strokeWeight":2.0,"strokeAlign":"CENTER","strokeJoin":null,"strokeDashes":null,"cornerRadius":null},"effects":[],"textStyle":null,"clipsContent":null,"pbdlType":"style"},"imageReference":"images/trashbuttoncustom.svg","prototypeNodeUUID":null,"pbdlType":"image"}],"pbdlType":"shared_master","componentSetName":null,"sharedNodeSetID":null},"isVisible":true},{"UUID":"6:26","layoutMainAxisSizing":null,"layoutCrossAxisSizing":null,"name":"Save Todo Button<custom>","boundaryRectangle":null,"style":null,"prototypeNodeUUID":null,"child":null,"constraints":null,"convert":true,"imageURI":"https://pbnestcore.blob.core.windows.net/do6qkrqudljmcjcv689l4z/6:26.png","pbdlType":"screen","designNode":{"UUID":"6:26","layoutMainAxisSizing":"NONE","layoutCrossAxisSizing":"NONE","name":"Save Todo Button<custom>","isVisible":true,"boundaryRectangle":{"constrainProportions":false,"constraints":null,"height":50.0,"width":360.0,"x":-441.0,"y":-212.0,"z":2.0,"type":"boundaryBox"},"style":{"UUID":"","layoutMainAxisSizing":null,"layoutCrossAxisSizing":null,"name":"","isVisible":true,"boundaryRectangle":null,"style":null,"prototypeNodeUUID":"","child":null,"constraints":null,"fills":[],"borderOptions":{"borders":[],"strokeWeight":1.0,"strokeAlign":"INSIDE","strokeJoin":null,"strokeDashes":null,"cornerRadius":null},"effects":[],"textStyle":null,"clipsContent":false,"pbdlType":"style"},"prototypeNodeUUID":null,"child":null,"constraints":{"pinLeft":false,"pinRight":false,"pinTop":false,"pinBottom":false,"fixedHeight":false,"fixedWidth":false},"symbolID":"6:26","overrideProperties":[{"UUID":"6:24","layoutMainAxisSizing":null,"layoutCrossAxisSizing":null,"name":"ovrSave","child":null,"constraints":{"pinLeft":true,"pinRight":true,"pinTop":true,"pinBottom":false,"fixedHeight":true,"fixedWidth":false},"value":{"UUID":"6:24","layoutMainAxisSizing":"NONE","layoutCrossAxisSizing":"NONE","name":"Save","isVisible":true,"boundaryRectangle":{"constrainProportions":false,"constraints":null,"height":23.0,"width":55.0,"x":-289.0,"y":-199.0,"z":1.0,"type":"boundaryBox"},"style":{"UUID":"","layoutMainAxisSizing":null,"layoutCrossAxisSizing":null,"name":"","isVisible":true,"boundaryRectangle":null,"style":null,"prototypeNodeUUID":"","child":null,"constraints":null,"fills":[{"gradientStops":null,"gradientHandlePositions":[],"imageRef":null,"color":{"a":1.0,"r":1.0,"g":1.0,"b":1.0},"opacity":100,"blendMode":"NORMAL","type":"SOLID","isEnabled":true}],"borderOptions":{"borders":[],"strokeWeight":1.0,"strokeAlign":"OUTSIDE","strokeJoin":null,"strokeDashes":null,"cornerRadius":null},"effects":[],"textStyle":{"UUID":"","layoutMainAxisSizing":null,"layoutCrossAxisSizing":null,"name":"","isVisible":false,"boundaryRectangle":null,"style":null,"prototypeNodeUUID":"","child":null,"constraints":null,"fontFamily":"Roboto","fontPostScriptName":"RobotoRoman-Regular","paragraphSpacing":0,"paragraphIndent":0,"listSpacing":0,"italics":null,"fontWeight":400,"fontSize":20.0,"textCase":"ORIGINAL","textDecoration":"NONE","textAutoResize":"HEIGHT","textAlignHorizontal":"CENTER","textAlignVertical":"CENTER","letterSpacing":0.0,"fills":null,"hyperLink":null,"opentypeFlags":{},"lineHeightPx":23.4375,"lineHeightPercent":100.0,"lineHeightPercentFontSize":null,"lineHeightUnit":"INTRINSIC_%","pbdlType":"text_style"},"clipsContent":null,"pbdlType":"style"},"prototypeNodeUUID":null,"child":null,"constraints":{"pinLeft":true,"pinRight":true,"pinTop":true,"pinBottom":false,"fixedHeight":true,"fixedWidth":false},"pbdlType":"text","content":"Save"},"pbdlType":"pbdl_override_property","ovrType":"stringValue"}],"children":[{"UUID":"6:23","layoutMainAxisSizing":"NONE","layoutCrossAxisSizing":"NONE","name":"Rectangle 2","isVisible":true,"boundaryRectangle":{"constrainProportions":false,"constraints":null,"height":50.0,"width":360.0,"x":-441.0,"y":-212.0,"z":0.0,"type":"boundaryBox"},"style":{"UUID":"","layoutMainAxisSizing":null,"layoutCrossAxisSizing":null,"name":"","isVisible":true,"boundaryRectangle":null,"style":null,"prototypeNodeUUID":"","child":null,"constraints":null,"fills":[{"gradientStops":null,"gradientHandlePositions":[],"imageRef":null,"color":{"a":1.0,"r":0.250980406999588,"g":0.250980406999588,"b":0.250980406999588},"opacity":100,"blendMode":"NORMAL","type":"SOLID","isEnabled":true}],"borderOptions":{"borders":[],"strokeWeight":1.0,"strokeAlign":"INSIDE","strokeJoin":null,"strokeDashes":null,"cornerRadius":25.0},"effects":[],"textStyle":null,"clipsContent":null,"pbdlType":"style"},"prototypeNodeUUID":null,"constraints":{"pinLeft":true,"pinRight":true,"pinTop":true,"pinBottom":false,"fixedHeight":true,"fixedWidth":false},"fixedRadius":25.0,"pbdlType":"rectangle","child":null},{"UUID":"6:24","layoutMainAxisSizing":"NONE","layoutCrossAxisSizing":"NONE","name":"Save","isVisible":true,"boundaryRectangle":{"constrainProportions":false,"constraints":null,"height":23.0,"width":55.0,"x":-289.0,"y":-199.0,"z":1.0,"type":"boundaryBox"},"style":{"UUID":"","layoutMainAxisSizing":null,"layoutCrossAxisSizing":null,"name":"","isVisible":true,"boundaryRectangle":null,"style":null,"prototypeNodeUUID":"","child":null,"constraints":null,"fills":[{"gradientStops":null,"gradientHandlePositions":[],"imageRef":null,"color":{"a":1.0,"r":1.0,"g":1.0,"b":1.0},"opacity":100,"blendMode":"NORMAL","type":"SOLID","isEnabled":true}],"borderOptions":{"borders":[],"strokeWeight":1.0,"strokeAlign":"OUTSIDE","strokeJoin":null,"strokeDashes":null,"cornerRadius":null},"effects":[],"textStyle":{"UUID":"","layoutMainAxisSizing":null,"layoutCrossAxisSizing":null,"name":"","isVisible":false,"boundaryRectangle":null,"style":null,"prototypeNodeUUID":"","child":null,"constraints":null,"fontFamily":"Roboto","fontPostScriptName":"RobotoRoman-Regular","paragraphSpacing":0,"paragraphIndent":0,"listSpacing":0,"italics":null,"fontWeight":400,"fontSize":20.0,"textCase":"ORIGINAL","textDecoration":"NONE","textAutoResize":"HEIGHT","textAlignHorizontal":"CENTER","textAlignVertical":"CENTER","letterSpacing":0.0,"fills":null,"hyperLink":null,"opentypeFlags":{},"lineHeightPx":23.4375,"lineHeightPercent":100.0,"lineHeightPercentFontSize":null,"lineHeightUnit":"INTRINSIC_%","pbdlType":"text_style"},"clipsContent":null,"pbdlType":"style"},"prototypeNodeUUID":null,"child":null,"constraints":{"pinLeft":true,"pinRight":true,"pinTop":true,"pinBottom":false,"fixedHeight":true,"fixedWidth":false},"pbdlType":"text","content":"Save"}],"pbdlType":"shared_master","componentSetName":null,"sharedNodeSetID":null},"isVisible":true},{"UUID":"7:86","layoutMainAxisSizing":null,"layoutCrossAxisSizing":null,"name":"Plus Button<custom>","boundaryRectangle":null,"style":null,"prototypeNodeUUID":null,"child":null,"constraints":null,"convert":true,"imageURI":"https://pbnestcore.blob.core.windows.net/do6qkrqudljmcjcv689l4z/7:86.png","pbdlType":"screen","designNode":{"UUID":"7:86","layoutMainAxisSizing":"NONE","layoutCrossAxisSizing":"NONE","name":"Plus Button<custom>","isVisible":true,"boundaryRectangle":{"constrainProportions":false,"constraints":null,"height":60.0,"width":60.0,"x":95.0,"y":218.0,"z":3.0,"type":"boundaryBox"},"style":{"UUID":"","layoutMainAxisSizing":null,"layoutCrossAxisSizing":null,"name":"","isVisible":true,"boundaryRectangle":null,"style":null,"prototypeNodeUUID":"","child":null,"constraints":null,"fills":[],"borderOptions":{"borders":[],"strokeWeight":1.0,"strokeAlign":"INSIDE","strokeJoin":null,"strokeDashes":null,"cornerRadius":null},"effects":[],"textStyle":null,"clipsContent":false,"pbdlType":"style"},"prototypeNodeUUID":null,"child":null,"constraints":{"pinLeft":false,"pinRight":false,"pinTop":false,"pinBottom":false,"fixedHeight":false,"fixedWidth":false},"symbolID":"7:86","overrideProperties":[{"UUID":"7:81","layoutMainAxisSizing":null,"layoutCrossAxisSizing":null,"name":"ovrPlus Background","child":null,"constraints":{"pinLeft":false,"pinRight":true,"pinTop":false,"pinBottom":true,"fixedHeight":true,"fixedWidth":true},"value":{"UUID":"7:81","layoutMainAxisSizing":"NONE","layoutCrossAxisSizing":"NONE","name":"Plus Background","isVisible":true,"boundaryRectangle":{"constrainProportions":false,"constraints":null,"height":60.0,"width":60.0,"x":95.0,"y":218.0,"z":0.0,"type":"boundaryBox"},"child":null,"constraints":{"pinLeft":false,"pinRight":true,"pinTop":false,"pinBottom":true,"fixedHeight":true,"fixedWidth":true},"style":{"UUID":"","layoutMainAxisSizing":null,"layoutCrossAxisSizing":null,"name":"","isVisible":true,"boundaryRectangle":null,"style":null,"prototypeNodeUUID":"","child":null,"constraints":null,"fills":[{"gradientStops":null,"gradientHandlePositions":[],"imageRef":null,"color":{"a":1.0,"r":0.250980406999588,"g":0.250980406999588,"b":0.250980406999588},"opacity":100,"blendMode":"NORMAL","type":"SOLID","isEnabled":true}],"borderOptions":{"borders":[],"strokeWeight":1.0,"strokeAlign":"INSIDE","strokeJoin":null,"strokeDashes":null,"cornerRadius":null},"effects":[],"textStyle":null,"clipsContent":null,"pbdlType":"style"},"imageReference":"images/plusbackground.png","prototypeNodeUUID":null,"pbdlType":"image"},"pbdlType":"pbdl_override_property","ovrType":"image"}],"children":[{"UUID":"7:81","layoutMainAxisSizing":"NONE","layoutCrossAxisSizing":"NONE","name":"Plus Background","isVisible":true,"boundaryRectangle":{"constrainProportions":false,"constraints":null,"height":60.0,"width":60.0,"x":95.0,"y":218.0,"z":0.0,"type":"boundaryBox"},"child":null,"constraints":{"pinLeft":false,"pinRight":true,"pinTop":false,"pinBottom":true,"fixedHeight":true,"fixedWidth":true},"style":{"UUID":"","layoutMainAxisSizing":null,"layoutCrossAxisSizing":null,"name":"","isVisible":true,"boundaryRectangle":null,"style":null,"prototypeNodeUUID":"","child":null,"constraints":null,"fills":[{"gradientStops":null,"gradientHandlePositions":[],"imageRef":null,"color":{"a":1.0,"r":0.250980406999588,"g":0.250980406999588,"b":0.250980406999588},"opacity":100,"blendMode":"NORMAL","type":"SOLID","isEnabled":true}],"borderOptions":{"borders":[],"strokeWeight":1.0,"strokeAlign":"INSIDE","strokeJoin":null,"strokeDashes":null,"cornerRadius":null},"effects":[],"textStyle":null,"clipsContent":null,"pbdlType":"style"},"imageReference":"images/plusbackground.png","prototypeNodeUUID":null,"pbdlType":"image"},{"UUID":"7:85","layoutMainAxisSizing":"NONE","layoutCrossAxisSizing":"NONE","name":"Plus","isVisible":true,"boundaryRectangle":{"constrainProportions":false,"constraints":null,"height":20.0,"width":20.0,"x":115.0,"y":238.0,"z":1.0,"type":"boundaryBox"},"style":{"UUID":"","layoutMainAxisSizing":null,"layoutCrossAxisSizing":null,"name":"","isVisible":true,"boundaryRectangle":null,"style":null,"prototypeNodeUUID":"","child":null,"constraints":null,"fills":[],"borderOptions":{"borders":[],"strokeWeight":1.0,"strokeAlign":"INSIDE","strokeJoin":null,"strokeDashes":null,"cornerRadius":null},"effects":[],"textStyle":null,"clipsContent":false,"pbdlType":"style"},"prototypeNodeUUID":null,"constraints":{"pinLeft":true,"pinRight":false,"pinTop":true,"pinBottom":false,"fixedHeight":true,"fixedWidth":true},"children":[{"UUID":"7:82","layoutMainAxisSizing":"NONE","layoutCrossAxisSizing":"NONE","name":"Rectangle 3","isVisible":true,"boundaryRectangle":{"constrainProportions":false,"constraints":null,"height":20.0,"width":2.0,"x":124.0,"y":238.0,"z":0.0,"type":"boundaryBox"},"style":{"UUID":"","layoutMainAxisSizing":null,"layoutCrossAxisSizing":null,"name":"","isVisible":true,"boundaryRectangle":null,"style":null,"prototypeNodeUUID":"","child":null,"constraints":null,"fills":[{"gradientStops":null,"gradientHandlePositions":[],"imageRef":null,"color":{"a":1.0,"r":0.8509804010391235,"g":0.8509804010391235,"b":0.8509804010391235},"opacity":100,"blendMode":"NORMAL","type":"SOLID","isEnabled":true}],"borderOptions":{"borders":[],"strokeWeight":1.0,"strokeAlign":"INSIDE","strokeJoin":null,"strokeDashes":null,"cornerRadius":null},"effects":[],"textStyle":null,"clipsContent":null,"pbdlType":"style"},"prototypeNodeUUID":null,"constraints":{"pinLeft":true,"pinRight":false,"pinTop":true,"pinBottom":false,"fixedHeight":true,"fixedWidth":true},"fixedRadius":0,"pbdlType":"rectangle","child":null},{"UUID":"7:83","layoutMainAxisSizing":"NONE","layoutCrossAxisSizing":"NONE","name":"Rectangle 4","isVisible":true,"boundaryRectangle":{"constrainProportions":false,"constraints":null,"height":2.0,"width":20.0,"x":115.0,"y":247.0,"z":1.0,"type":"boundaryBox"},"style":{"UUID":"","layoutMainAxisSizing":null,"layoutCrossAxisSizing":null,"name":"","isVisible":true,"boundaryRectangle":null,"style":null,"prototypeNodeUUID":"","child":null,"constraints":null,"fills":[{"gradientStops":null,"gradientHandlePositions":[],"imageRef":null,"color":{"a":1.0,"r":0.8509804010391235,"g":0.8509804010391235,"b":0.8509804010391235},"opacity":100,"blendMode":"NORMAL","type":"SOLID","isEnabled":true}],"borderOptions":{"borders":[],"strokeWeight":1.0,"strokeAlign":"INSIDE","strokeJoin":null,"strokeDashes":null,"cornerRadius":null},"effects":[],"textStyle":null,"clipsContent":null,"pbdlType":"style"},"prototypeNodeUUID":null,"constraints":{"pinLeft":true,"pinRight":false,"pinTop":true,"pinBottom":false,"fixedHeight":true,"fixedWidth":true},"fixedRadius":0,"pbdlType":"rectangle","child":null}],"pbdlType":"frame","fixedRadius":null,"background":null,"autoLayoutOptions":null}],"pbdlType":"shared_master","componentSetName":null,"sharedNodeSetID":null},"isVisible":true}],"pbdlType":"page"}],"miscPages":[],"sharedStyles":[],"globalStyles":{"UUID":"","layoutMainAxisSizing":null,"layoutCrossAxisSizing":null,"name":"","isVisible":false,"boundaryRectangle":null,"style":null,"prototypeNodeUUID":null,"child":null,"constraints":null,"pbdlType":"global_styles","designSystem":"material","colors":[],"textStyles":[],"themeColors":[{"UUID":"3:73","layoutMainAxisSizing":null,"layoutCrossAxisSizing":null,"name":"dark/primary","isVisible":false,"boundaryRectangle":null,"style":null,"prototypeNodeUUID":null,"child":null,"constraints":null,"description":"","pbdlType":"global_color","color":{"a":1.0,"r":0.250980406999588,"g":0.250980406999588,"b":0.250980406999588},"colorScheme":"dark"},{"UUID":"1:71","layoutMainAxisSizing":null,"layoutCrossAxisSizing":null,"name":"dark/background","isVisible":false,"boundaryRectangle":null,"style":null,"prototypeNodeUUID":null,"child":null,"constraints":null,"description":"","pbdlType":"global_color","color":{"a":1.0,"r":0.0941176488995552,"g":0.0941176488995552,"b":0.0941176488995552},"colorScheme":"dark"},{"UUID":"7:30","layoutMainAxisSizing":null,"layoutCrossAxisSizing":null,"name":"dark/outline","isVisible":false,"boundaryRectangle":null,"style":null,"prototypeNodeUUID":null,"child":null,"constraints":null,"description":"","pbdlType":"global_color","color":{"a":1.0,"r":0.28333333134651184,"g":0.25736111402511597,"b":0.25736111402511597},"colorScheme":"dark"}],"themeTextStyles":[]},"pbdlType":"project","azure_container_uri":"https://pbnestcore.blob.core.windows.net/do6qkrqudljmcjcv689l4z"}